time,open,high,low,close,volume
2018-09-06,3.61,3.62,3.53,3.54,68350
2018-09-07,3.6,3.72,3.6,3.67,80760
2018-09-10,3.7,3.7,3.6,3.6,44280
2018-09-11,3.6,3.7,3.6,3.69,40770
2018-09-12,3.74,3.74,3.67,3.69,106930
2018-09-13,3.77,3.77,3.69,3.69,96560
2018-09-14,3.67,3.69,3.65,3.69,64880
2018-09-17,3.67,3.67,3.63,3.67,35310
2018-09-18,3.65,3.77,3.55,3.77,150440
2018-09-19,3.84,3.84,3.72,3.72,60600
2018-09-20,3.72,3.75,3.7,3.74,95470
2018-09-21,3.77,3.98,3.75,3.98,697270
2018-09-24,4.1,4.19,4.09,4.09,150110
2018-09-25,4.09,4.1,3.98,4.07,142560
2018-09-26,4.02,4.19,4.0,4.07,414270
2018-09-27,4.07,4.1,4.07,4.1,184000
2018-09-28,4.16,4.38,4.12,4.38,698170
2018-10-01,4.44,4.44,4.3,4.3,305650
2018-10-02,4.23,4.49,4.23,4.33,237930
2018-10-03,4.4,4.45,4.33,4.44,225060
2018-10-04,4.51,4.51,4.37,4.45,195800
2018-10-05,4.45,4.51,4.35,4.4,288110
2018-10-08,4.33,4.45,4.33,4.45,132110
2018-10-09,4.47,4.47,4.38,4.38,135850
2018-10-10,4.4,4.45,4.33,4.37,144510
2018-10-11,4.3,4.3,4.07,4.14,451030
2018-10-12,4.07,4.35,4.05,4.26,109540
2018-10-15,4.28,4.4,4.26,4.28,114790
2018-10-16,4.28,4.37,4.28,4.33,52830
2018-10-17,4.33,4.4,4.33,4.37,55820
2018-10-18,4.33,4.35,4.3,4.35,68110
2018-10-19,4.33,4.49,4.21,4.49,121030
2018-10-22,4.51,4.61,4.4,4.4,153110
2018-10-23,4.4,4.4,4.23,4.33,63590
2018-10-24,4.33,4.38,4.19,4.3,36500
2018-10-25,4.12,4.26,4.12,4.26,81910
2018-10-26,4.14,4.3,4.14,4.28,51660
2018-10-29,4.28,4.28,4.03,4.19,81840
2018-10-30,4.14,4.26,4.12,4.17,40820
2018-10-31,4.12,4.23,4.09,4.19,228220
2018-11-01,4.23,4.23,4.12,4.16,56950
2018-11-02,4.14,4.19,4.1,4.16,64630
2018-11-05,4.16,4.16,4.03,4.03,59890
2018-11-06,4.03,4.09,4.03,4.03,103140
2018-11-07,4.03,4.14,4.02,4.05,50290
2018-11-08,4.05,4.1,3.95,3.95,67450
2018-11-09,3.91,4.02,3.77,3.88,145180
2018-11-12,3.79,3.98,3.74,3.81,28670
2018-11-13,3.7,3.79,3.67,3.67,74950
2018-11-14,3.67,3.67,3.49,3.67,416210
2018-11-15,3.53,3.63,3.51,3.56,104160
2018-11-16,3.56,3.65,3.56,3.62,66270
2018-11-19,3.62,3.67,3.6,3.67,53590
2018-11-20,3.63,3.67,3.56,3.62,20710
2018-11-21,3.56,3.63,3.56,3.63,17420
2018-11-22,3.67,3.67,3.58,3.63,54310
2018-11-23,3.58,3.67,3.56,3.67,51500
2018-11-26,3.67,3.67,3.6,3.6,4810
2018-11-27,3.62,3.63,3.58,3.63,24900
2018-11-28,3.63,3.63,3.58,3.58,25890
2018-11-29,3.63,3.63,3.58,3.58,36230
2018-11-30,3.63,3.65,3.56,3.56,15630
2018-12-03,3.63,3.69,3.56,3.69,284170
2018-12-04,3.77,3.79,3.69,3.72,133370
2018-12-05,3.69,3.75,3.65,3.72,58820
2018-12-06,3.72,3.72,3.65,3.67,48890
2018-12-07,3.65,3.79,3.65,3.77,164930
2018-12-10,3.74,3.82,3.7,3.75,37920
2018-12-11,3.72,3.75,3.69,3.74,20590
2018-12-12,3.75,3.81,3.7,3.74,83570
2018-12-13,3.74,3.79,3.69,3.69,41520
2018-12-14,3.69,3.74,3.63,3.69,64830
2018-12-17,3.65,3.65,3.58,3.58,132800
2018-12-18,3.58,3.6,3.55,3.56,39910
2018-12-19,3.56,3.65,3.49,3.56,41360
2018-12-20,3.49,3.56,3.49,3.56,24610
2018-12-21,3.49,3.55,3.48,3.49,47100
2018-12-24,3.46,3.55,3.46,3.48,16220
2018-12-25,3.25,3.41,3.25,3.41,85710
2018-12-26,3.41,3.46,3.25,3.46,23380
2018-12-27,3.46,3.53,3.42,3.45,51050
2018-12-28,3.45,3.46,3.42,3.45,38810
2019-01-02,3.42,3.45,3.32,3.45,63990
2019-01-03,3.32,3.44,3.23,3.39,78880
2019-01-04,3.25,3.31,3.18,3.31,167050
2019-01-07,3.32,3.32,3.25,3.3,18820
2019-01-08,3.25,3.28,3.14,3.26,43360
2019-01-09,3.14,3.28,3.14,3.28,62800
2019-01-10,3.21,3.28,3.2,3.28,50810
2019-01-11,3.28,3.28,3.21,3.25,44550
2019-01-14,3.27,3.27,3.18,3.18,15230
2019-01-15,3.21,3.21,3.14,3.15,79600
2019-01-16,3.15,3.21,3.14,3.2,61430
2019-01-17,3.2,3.2,3.15,3.2,21960
2019-01-18,3.18,3.19,3.14,3.19,60350
2019-01-21,3.19,3.2,3.12,3.13,80500
2019-01-22,3.14,3.18,3.14,3.14,44650
2019-01-23,3.11,3.18,3.11,3.18,14620
2019-01-24,3.14,3.14,3.07,3.14,97660
2019-01-25,3.11,3.11,3.06,3.09,108910
2019-01-28,3.09,3.09,3.0,3.07,60830
2019-01-29,3.01,3.04,2.94,3.01,107520
2019-01-30,3.0,3.02,2.97,2.98,39530
2019-01-31,2.97,3.02,2.97,3.02,24860
2019-02-01,3.04,3.04,2.99,3.04,12230
2019-02-11,3.07,3.07,2.97,3.07,46850
2019-02-12,3.18,3.21,3.08,3.18,148980
2019-02-13,3.21,3.21,3.18,3.19,66220
2019-02-14,3.19,3.2,3.16,3.18,70620
2019-02-15,3.18,3.18,3.14,3.15,109320
2019-02-18,3.18,3.21,3.18,3.19,68320
2019-02-19,3.18,3.2,3.18,3.19,109380
2019-02-20,3.21,3.21,3.15,3.19,66020
2019-02-21,3.19,3.19,3.16,3.18,60680
2019-02-22,3.17,3.21,3.16,3.2,162750
2019-02-25,3.25,3.28,3.2,3.23,216750
2019-02-26,3.28,3.32,3.23,3.28,157760
2019-02-27,3.28,3.28,3.25,3.27,137280
2019-02-28,3.28,3.28,3.21,3.23,137720
2019-03-01,3.27,3.27,3.21,3.22,36340
2019-03-04,3.23,3.3,3.23,3.3,112380
2019-03-05,3.28,3.33,3.27,3.31,96290
2019-03-06,3.31,3.32,3.28,3.31,70010
2019-03-07,3.31,3.53,3.31,3.49,269810
2019-03-08,3.49,3.49,3.4,3.45,151820
2019-03-11,3.45,3.45,3.37,3.42,97280
2019-03-12,3.46,3.46,3.38,3.42,57710
2019-03-13,3.42,3.53,3.42,3.48,190540
2019-03-14,3.48,3.49,3.43,3.48,172250
2019-03-15,3.46,3.48,3.43,3.46,87050
2019-03-18,3.44,3.46,3.43,3.44,88040
2019-03-19,3.46,3.49,3.44,3.45,138480
2019-03-20,3.45,3.45,3.41,3.42,38990
2019-03-21,3.44,3.44,3.35,3.35,64400
2019-03-22,3.35,3.35,3.3,3.31,74220
2019-03-25,3.31,3.31,3.2,3.25,74940
2019-03-26,3.28,3.35,3.27,3.27,71180
2019-03-27,3.27,3.41,3.27,3.35,20900
2019-03-28,3.32,3.34,3.32,3.34,18850
2019-03-29,3.34,3.34,3.3,3.34,23740
2019-04-01,3.34,3.35,3.28,3.34,27360
2019-04-02,3.32,3.34,3.3,3.32,18650
2019-04-03,3.25,3.32,3.25,3.28,18310
2019-04-04,3.31,3.32,3.28,3.28,27970
2019-04-05,3.3,3.48,3.28,3.46,279060
2019-04-08,3.46,3.49,3.39,3.49,182690
2019-04-09,3.49,3.49,3.42,3.47,99390
2019-04-10,3.48,3.56,3.44,3.49,309150
2019-04-11,3.51,3.51,3.42,3.44,172910
2019-04-12,3.49,3.49,3.32,3.46,93770
2019-04-16,3.34,3.42,3.34,3.41,40600
2019-04-17,3.41,3.42,3.35,3.39,65600
2019-04-18,3.36,3.38,3.3,3.38,136920
2019-04-19,3.39,3.39,3.32,3.38,17430
2019-04-22,3.35,3.38,3.33,3.37,26990
2019-04-23,3.32,3.38,3.3,3.35,37800
2019-04-24,3.37,3.38,3.32,3.38,102060
2019-04-25,3.38,3.39,3.34,3.34,13880
2019-04-26,3.38,3.38,3.3,3.37,34040
2019-05-02,3.34,3.37,3.32,3.36,27810
2019-05-03,3.33,3.37,3.33,3.35,25960
2019-05-06,3.32,3.34,3.27,3.3,82350
2019-05-07,3.27,3.32,3.27,3.31,36790
2019-05-08,3.28,3.31,3.28,3.31,9160
2019-05-09,3.31,3.35,3.28,3.31,32020
2019-05-10,3.3,3.34,3.28,3.31,10250
2019-05-13,3.31,3.32,3.31,3.32,65840
2019-05-14,3.32,3.32,3.28,3.31,34770
2019-05-15,3.32,3.35,3.31,3.32,29580
2019-05-16,3.32,3.34,3.32,3.32,17680
2019-05-17,3.32,3.32,3.29,3.31,7010
2019-05-20,3.32,3.35,3.31,3.32,27600
2019-05-21,3.31,3.34,3.28,3.34,84050
2019-05-22,3.32,3.34,3.32,3.34,26940
2019-05-23,3.34,3.34,3.29,3.34,25110
2019-05-24,3.32,3.32,3.28,3.32,34900
2019-05-27,3.32,3.32,3.28,3.32,20920
2019-05-28,3.32,3.32,3.29,3.31,16450
2019-05-29,3.31,3.31,3.28,3.31,15800
2019-05-30,3.25,3.31,3.25,3.3,39020
2019-05-31,3.3,3.3,3.26,3.26,22410
2019-06-03,3.26,3.28,3.2,3.27,25010
2019-06-04,3.21,3.25,3.21,3.25,61150
2019-06-05,3.25,3.25,3.21,3.21,32470
2019-06-06,3.21,3.23,3.16,3.23,30130
2019-06-07,3.23,3.25,3.23,3.25,28960
2019-06-10,3.25,3.28,3.23,3.28,19170
2019-06-11,3.22,3.27,3.22,3.27,11500
2019-06-12,3.22,3.27,3.22,3.27,50680
2019-06-13,3.28,3.28,3.22,3.27,7600
2019-06-14,3.25,3.25,3.22,3.22,15870
2019-06-17,3.25,3.25,3.2,3.23,15700
2019-06-18,3.2,3.21,3.19,3.19,23220
2019-06-19,3.19,3.22,3.19,3.21,8940
2019-06-20,3.15,3.26,3.15,3.26,11950
2019-06-21,3.26,3.26,3.22,3.24,5370
2019-06-24,3.22,3.23,3.16,3.23,48860
2019-06-25,3.21,3.23,3.18,3.23,17560
2019-06-26,3.19,3.23,3.19,3.23,7010
2019-06-27,3.21,3.21,3.19,3.21,8600
2019-06-28,3.21,3.21,3.19,3.19,21090
2019-07-01,3.19,3.23,3.18,3.23,21310
2019-07-02,3.2,3.21,3.2,3.21,10080
2019-07-03,3.21,3.21,3.2,3.21,17300
2019-07-04,3.21,3.24,3.21,3.22,10970
2019-07-05,3.22,3.23,3.21,3.21,5570
2019-07-08,3.22,3.23,3.18,3.23,37480
2019-07-09,3.19,3.23,3.19,3.23,5760
2019-07-10,3.23,3.24,3.2,3.24,77150
2019-07-11,3.25,3.25,3.21,3.24,23580
2019-07-12,3.24,3.25,3.24,3.24,2050
2019-07-15,3.25,3.25,3.21,3.25,30900
2019-07-16,3.25,3.25,3.21,3.24,52600
2019-07-17,3.24,3.24,3.21,3.24,76860
2019-07-18,3.22,3.24,3.21,3.24,39030
2019-07-19,3.24,3.24,3.21,3.24,15960
2019-07-22,3.17,3.23,3.17,3.23,19720
2019-07-23,3.21,3.22,3.18,3.21,17510
2019-07-24,3.2,3.21,3.16,3.21,35310
2019-07-25,3.23,3.23,3.16,3.21,30010
2019-07-26,3.21,3.21,3.18,3.19,14080
2019-07-29,3.19,3.2,3.18,3.2,8400
2019-07-30,3.18,3.2,3.14,3.19,4240
2019-07-31,3.2,3.2,3.15,3.19,32920
2019-08-01,3.18,3.18,3.15,3.17,18080
2019-08-02,3.17,3.17,3.14,3.17,41680
2019-08-05,3.11,3.14,3.07,3.14,50480
2019-08-06,3.06,3.13,3.06,3.11,22580
2019-08-07,3.11,3.11,3.05,3.11,3180
2019-08-08,3.11,3.14,3.07,3.14,45890
2019-08-09,3.18,3.18,3.11,3.14,18570
2019-08-12,3.14,3.14,3.07,3.14,18960
2019-08-13,3.07,3.14,2.97,3.14,97360
2019-08-14,3.11,3.14,3.02,3.13,33670
2019-08-15,3.01,3.1,3.01,3.1,62160
2019-08-16,3.04,3.21,3.04,3.21,51600
2019-08-19,3.14,3.2,3.12,3.14,199280
2019-08-20,3.14,3.14,3.09,3.14,44050
2019-08-21,3.04,3.14,3.04,3.13,15640
2019-08-22,3.13,3.16,3.11,3.13,108940
2019-08-23,3.1,3.13,3.1,3.13,63860
2019-08-26,3.11,3.13,3.06,3.13,130080
2019-08-27,3.14,3.14,3.09,3.11,90390
2019-08-28,3.08,3.13,3.06,3.13,237410
2019-08-29,3.11,3.12,3.07,3.12,49900
2019-08-30,3.13,3.33,3.13,3.32,291070
2019-09-03,3.35,3.35,3.3,3.32,117980
2019-09-04,3.32,3.32,3.27,3.29,66440
2019-09-05,3.28,3.28,3.25,3.28,88590
2019-09-06,3.28,3.28,3.25,3.27,37970
2019-09-09,3.27,3.3,3.25,3.3,124970
2019-09-10,3.3,3.32,3.27,3.29,65770
2019-09-11,3.28,3.28,3.25,3.28,62890
2019-09-12,3.3,3.35,3.28,3.28,128370
2019-09-13,3.26,3.36,3.26,3.35,46090
2019-09-16,3.29,3.37,3.29,3.34,55720
2019-09-17,3.31,3.36,3.28,3.28,89670
2019-09-18,3.21,3.32,3.21,3.28,20710
2019-09-19,3.28,3.3,3.25,3.28,20320
2019-09-20,3.28,3.28,3.24,3.28,57560
2019-09-23,3.28,3.29,3.26,3.28,67860
2019-09-24,3.28,3.28,3.21,3.23,28080
2019-09-25,3.21,3.28,3.21,3.28,86830
2019-09-26,3.39,3.39,3.26,3.3,45830
2019-09-27,3.3,3.32,3.28,3.3,94450
2019-09-30,3.3,3.37,3.3,3.34,231220
2019-10-01,3.36,3.36,3.31,3.32,20950
2019-10-02,3.31,3.31,3.19,3.3,5360
2019-10-03,3.28,3.3,3.22,3.28,38950
2019-10-04,3.28,3.28,3.23,3.28,24480
2019-10-07,3.23,3.28,3.23,3.27,53840
2019-10-08,3.17,3.26,3.17,3.26,25750
2019-10-09,3.25,3.25,3.23,3.24,12510
2019-10-10,3.31,3.31,3.21,3.24,16440
2019-10-11,3.21,3.24,3.21,3.24,17610
2019-10-14,3.24,3.24,3.19,3.23,33950
2019-10-15,3.21,3.23,3.19,3.23,46710
2019-10-16,3.23,3.23,3.19,3.23,34520
2019-10-17,3.23,3.23,3.19,3.19,12130
2019-10-18,3.19,3.21,3.18,3.21,17320
2019-10-21,3.18,3.2,3.16,3.2,41590
2019-10-22,3.18,3.18,3.17,3.17,30020
2019-10-23,3.17,3.17,3.13,3.13,8800
2019-10-24,3.12,3.15,3.1,3.13,27460
2019-10-25,3.13,3.13,3.11,3.13,65920
2019-10-28,3.13,3.13,3.12,3.12,18200
2019-10-29,3.12,3.12,3.09,3.12,40380
2019-10-30,3.09,3.12,3.07,3.12,28040
2019-10-31,3.12,3.12,3.07,3.12,23360
2019-11-01,3.11,3.12,3.09,3.11,22320
2019-11-04,3.1,3.1,3.07,3.1,20120
2019-11-05,3.07,3.1,3.07,3.1,13730
2019-11-06,3.08,3.3,3.08,3.1,25490
2019-11-07,3.1,3.1,3.08,3.09,27010
2019-11-08,3.09,3.1,3.08,3.08,2830
2019-11-11,3.05,3.08,3.05,3.07,58410
2019-11-12,3.07,3.07,3.05,3.07,54470
2019-11-13,3.07,3.07,3.05,3.06,21370
2019-11-14,3.06,3.06,3.04,3.06,27450
2019-11-15,3.04,3.05,3.01,3.05,24440
2019-11-18,3.01,3.09,2.97,3.09,33240
2019-11-19,2.99,3.09,2.99,3.09,10950
2019-11-20,3.09,3.09,3.09,3.09,5000
2019-11-21,3.09,3.09,3.09,3.09,6000
2019-11-22,3.07,3.07,3.01,3.07,8190
2019-11-25,3.09,3.09,3.01,3.07,3100
2019-11-26,3.06,3.09,3.05,3.05,10060
2019-11-27,3.12,3.12,3.05,3.05,5520
2019-11-28,3.05,3.08,3.03,3.08,8780
2019-11-29,3.08,3.08,3.01,3.08,21450
2019-12-02,3.08,3.09,2.97,3.08,5140
2019-12-03,3.09,3.09,2.94,3.05,17460
2019-12-04,3.09,3.09,2.97,3.08,14830
2019-12-05,3.08,3.08,3.03,3.07,5280
2019-12-06,2.99,3.05,2.99,3.05,12980
2019-12-09,2.99,3.05,2.99,3.05,7910
2019-12-10,2.97,3.05,2.97,3.04,14240
2019-12-11,3.01,3.01,2.98,3.01,8410
2019-12-12,3.0,3.01,2.95,3.01,18790
2019-12-13,2.94,3.01,2.9,3.01,39060
2019-12-16,2.98,3.01,2.98,3.01,6780
2019-12-17,2.95,3.0,2.94,3.0,6340
2019-12-18,3.0,3.0,3.0,3.0,2050
2019-12-19,2.98,2.98,2.85,2.85,15750
2019-12-20,2.89,2.89,2.85,2.85,9510
2019-12-23,2.88,2.89,2.85,2.89,8120
2019-12-24,2.87,2.89,2.83,2.89,21770
2019-12-25,2.87,2.87,2.87,2.87,7510
2019-12-26,2.86,2.87,2.85,2.86,5730
2019-12-27,2.67,2.92,2.67,2.85,23320
2019-12-30,2.85,2.88,2.74,2.85,42230
2019-12-31,2.81,2.89,2.78,2.89,11800
2020-01-02,2.92,2.92,2.81,2.88,8420
2020-01-03,2.89,2.89,2.78,2.87,16530
2020-01-06,2.81,2.86,2.79,2.79,11220
2020-01-07,2.93,2.93,2.79,2.79,37850
2020-01-08,2.66,2.84,2.66,2.79,14260
2020-01-09,2.81,2.81,2.78,2.81,10500
2020-01-10,2.75,2.81,2.7,2.81,15490
2020-01-13,2.76,2.85,2.72,2.85,25490
2020-01-14,2.85,2.85,2.77,2.84,5160
2020-01-15,2.81,2.83,2.77,2.83,5070
2020-01-16,2.78,2.83,2.76,2.83,10930
2020-01-17,2.84,2.84,2.74,2.78,21700
2020-01-20,2.81,2.81,2.77,2.81,3960
2020-01-21,2.81,2.81,2.81,2.81,13300
2020-01-22,2.78,2.89,2.78,2.89,53530
2020-01-30,2.81,2.83,2.81,2.81,10060
2020-01-31,2.74,2.89,2.74,2.89,120040
2020-02-03,2.74,2.79,2.69,2.79,112910
2020-02-04,2.74,2.78,2.63,2.78,45670
2020-02-05,2.74,2.76,2.74,2.76,11070
2020-02-06,2.74,2.81,2.7,2.81,44540
2020-02-07,2.81,2.81,2.71,2.71,35820
2020-02-10,2.71,2.77,2.7,2.76,10260
2020-02-11,2.74,2.76,2.71,2.74,26600
2020-02-12,2.73,2.76,2.7,2.76,13340
2020-02-13,2.74,2.76,2.72,2.76,11510
2020-02-14,2.76,2.76,2.7,2.75,6490
2020-02-17,2.75,2.75,2.62,2.74,111570
2020-02-18,2.7,2.74,2.65,2.73,64560
2020-02-19,2.73,2.74,2.66,2.74,162820
2020-02-20,2.74,2.74,2.68,2.73,64870
2020-02-21,2.69,2.72,2.68,2.72,34200
2020-02-24,2.66,2.7,2.62,2.64,70080
2020-02-25,2.56,2.65,2.56,2.65,6010
2020-02-26,2.62,2.65,2.58,2.65,21990
2020-02-27,2.68,2.68,2.6,2.67,19660
2020-02-28,2.66,2.66,2.62,2.66,27990
2020-03-02,2.63,2.66,2.63,2.66,37260
2020-03-03,2.74,2.74,2.64,2.7,29320
2020-03-04,2.71,2.72,2.66,2.7,27630
2020-03-05,2.7,2.77,2.7,2.74,104920
2020-03-06,2.7,2.73,2.67,2.73,62600
2020-03-09,2.7,2.7,2.54,2.62,147880
2020-03-10,2.58,2.68,2.5,2.68,61490
2020-03-11,2.66,2.66,2.53,2.62,202240
2020-03-12,2.54,2.54,2.44,2.53,143060
2020-03-13,2.38,2.5,2.36,2.5,102010
2020-03-16,2.38,2.46,2.38,2.46,42130
2020-03-17,2.35,2.46,2.29,2.46,145800
2020-03-18,2.46,2.63,2.46,2.63,218480
2020-03-19,2.5,2.62,2.45,2.61,97660
2020-03-20,2.62,2.62,2.43,2.53,205160
2020-03-23,2.4,2.41,2.36,2.36,116890
2020-03-24,2.23,2.35,2.19,2.27,72070
2020-03-25,2.27,2.32,2.23,2.3,141660
2020-03-26,2.3,2.3,2.2,2.28,87010
2020-03-27,2.15,2.27,2.15,2.15,142480
2020-03-30,2.15,2.15,2.01,2.03,461400
2020-03-31,1.94,2.07,1.93,2.07,30370
2020-04-01,1.99,2.21,1.99,2.21,26770
2020-04-03,2.15,2.25,2.15,2.25,73880
2020-04-06,2.29,2.36,2.29,2.35,86030
2020-04-07,2.46,2.46,2.23,2.34,64160
2020-04-08,2.34,2.34,2.21,2.32,130180
2020-04-09,2.33,2.4,2.32,2.4,69350
2020-04-10,2.4,2.41,2.27,2.4,90160
2020-04-13,2.4,2.4,2.31,2.4,47780
2020-04-14,2.4,2.4,2.31,2.4,72690
2020-04-15,2.38,2.48,2.38,2.48,92460
2020-04-16,2.44,2.46,2.39,2.46,191000
2020-04-17,2.42,2.44,2.4,2.44,417300
2020-04-20,2.41,2.44,2.38,2.42,232650
2020-04-21,2.36,2.42,2.27,2.31,243680
2020-04-22,2.29,2.34,2.25,2.31,198710
2020-04-23,2.29,2.32,2.26,2.26,121190
2020-04-24,2.26,2.27,2.24,2.27,288060
2020-04-27,2.31,2.31,2.21,2.22,87730
2020-04-28,2.24,2.24,2.15,2.22,188640
2020-04-29,2.22,2.23,2.19,2.22,119200
2020-05-04,2.17,2.17,2.07,2.13,187510
2020-05-05,2.08,2.13,2.08,2.12,102200
2020-05-06,2.12,2.18,2.1,2.18,159330
2020-05-07,2.18,2.18,2.11,2.18,99440
2020-05-08,2.18,2.23,2.17,2.21,149210
2020-05-11,2.19,2.26,2.19,2.24,170190
2020-05-12,2.24,2.38,2.23,2.36,244930
2020-05-13,2.36,2.36,2.33,2.35,119520
2020-05-14,2.33,2.4,2.33,2.38,120780
2020-05-15,2.4,2.4,2.32,2.38,147240
2020-05-18,2.33,2.38,2.33,2.38,108330
2020-05-19,2.38,2.38,2.35,2.38,117430
2020-05-20,2.38,2.4,2.37,2.4,180280
2020-05-21,2.4,2.45,2.4,2.45,131560
2020-05-22,2.45,2.46,2.4,2.45,126820
2020-05-25,2.45,2.45,2.42,2.45,129310
2020-05-26,2.44,2.54,2.44,2.52,221060
2020-05-27,2.63,2.63,2.46,2.5,199710
2020-05-28,2.5,2.55,2.48,2.52,98550
2020-05-29,2.53,2.54,2.42,2.53,226800
2020-06-01,2.53,2.7,2.53,2.68,375730
2020-06-02,2.72,2.72,2.62,2.68,200630
2020-06-03,2.68,2.68,2.59,2.68,89410
2020-06-04,2.7,2.86,2.7,2.86,740470
2020-06-05,2.87,3.0,2.85,2.97,372570
2020-06-08,3.05,3.15,3.03,3.12,885580
2020-06-09,3.13,3.13,2.94,3.03,350760
2020-06-10,2.98,3.06,2.91,3.03,367280
2020-06-11,2.96,3.05,2.89,2.89,419540
2020-06-12,2.7,2.81,2.69,2.81,276960
2020-06-15,2.78,2.81,2.63,2.66,280940
2020-06-16,2.81,2.81,2.63,2.78,153790
2020-06-17,2.78,2.79,2.74,2.76,150150
2020-06-18,2.76,2.79,2.74,2.78,122610
2020-06-19,2.79,2.8,2.75,2.79,74360
2020-06-22,2.89,2.93,2.83,2.89,240070
2020-06-23,2.89,3.04,2.89,2.95,299020
2020-06-24,3.01,3.06,2.89,2.97,407910
2020-06-25,2.87,3.01,2.87,3.01,157220
2020-06-26,2.97,2.99,2.83,2.99,149040
2020-06-29,2.86,2.93,2.78,2.85,187070
2020-06-30,2.89,2.89,2.74,2.85,100600
2020-07-01,2.81,2.89,2.76,2.89,79430
2020-07-02,2.82,2.88,2.79,2.88,77130
2020-07-03,2.89,2.89,2.82,2.88,25930
2020-07-06,2.88,2.89,2.81,2.88,46140
2020-07-07,2.87,2.89,2.85,2.88,73130
2020-07-08,2.85,2.89,2.85,2.88,127030
2020-07-09,2.9,2.9,2.86,2.89,167090
2020-07-10,2.89,2.89,2.86,2.88,74110
2020-07-13,2.88,2.88,2.85,2.88,67330
2020-07-14,2.88,2.88,2.78,2.88,79860
2020-07-15,2.92,2.92,2.86,2.89,85490
2020-07-16,2.89,2.89,2.85,2.86,103880
2020-07-17,2.84,2.87,2.83,2.87,38050
2020-07-20,2.89,2.89,2.8,2.83,71780
2020-07-21,2.85,2.86,2.78,2.84,55700
2020-07-22,2.81,2.83,2.76,2.81,121760
2020-07-23,2.76,2.81,2.76,2.81,35660
2020-07-24,2.81,2.81,2.62,2.62,401530
2020-07-27,2.44,2.48,2.44,2.44,147830
2020-07-28,2.31,2.52,2.31,2.5,135090
2020-07-29,2.46,2.46,2.33,2.45,294100
2020-07-30,2.45,2.48,2.42,2.46,59410
2020-07-31,2.38,2.46,2.38,2.45,78170
2020-08-03,2.45,2.49,2.42,2.49,68400
2020-08-04,2.52,2.52,2.45,2.48,109490
2020-08-05,2.51,2.52,2.47,2.5,114370
2020-08-06,2.5,2.54,2.5,2.51,165780
2020-08-07,2.53,2.53,2.48,2.51,46510
2020-08-10,2.54,2.54,2.51,2.52,88140
2020-08-11,2.52,2.52,2.47,2.52,44950
2020-08-12,2.52,2.52,2.49,2.5,44260
2020-08-13,2.53,2.53,2.5,2.53,133750
2020-08-14,2.52,2.52,2.49,2.49,100570
2020-08-17,2.5,2.5,2.47,2.49,37540
2020-08-18,2.49,2.49,2.43,2.49,66530
2020-08-19,2.48,2.56,2.46,2.54,215270
2020-08-20,2.58,2.58,2.54,2.55,227550
2020-08-21,2.55,2.61,2.53,2.6,160080
2020-08-24,2.6,2.65,2.6,2.64,110440
2020-08-25,2.64,2.66,2.62,2.64,130410
2020-08-26,2.64,2.66,2.62,2.65,70820
2020-08-27,2.62,2.66,2.62,2.65,59240
2020-08-28,2.66,2.67,2.64,2.66,171550
2020-08-31,2.66,2.69,2.63,2.64,140070
2020-09-01,2.64,2.66,2.61,2.66,114850
2020-09-03,2.68,2.68,2.63,2.66,150810
2020-09-04,2.62,2.84,2.62,2.84,627940
2020-09-07,2.92,2.97,2.86,2.86,482870
2020-09-08,2.91,2.91,2.78,2.85,187300
2020-09-09,2.81,2.85,2.74,2.83,141420
2020-09-10,2.83,2.94,2.83,2.84,219750
2020-09-11,2.82,2.9,2.82,2.85,165070
2020-09-14,2.89,2.89,2.85,2.87,228510
2020-09-15,2.87,2.92,2.86,2.9,439290
2020-09-16,2.9,2.9,2.87,2.89,199750
2020-09-17,2.92,2.92,2.87,2.92,153090
2020-09-18,2.92,3.01,2.89,3.0,486420
2020-09-21,3.05,3.05,2.98,3.01,183560
2020-09-22,2.94,3.0,2.92,2.96,278130
2020-09-23,2.99,2.99,2.94,2.95,167560
2020-09-24,2.94,2.96,2.9,2.95,169930
2020-09-25,2.95,2.95,2.85,2.94,267610
2020-09-28,2.94,2.96,2.87,2.94,357390
2020-09-29,2.98,2.99,2.91,2.93,340260
2020-09-30,2.93,2.93,2.9,2.92,130720
2020-10-01,2.92,3.1,2.92,3.05,725840
2020-10-02,3.08,3.09,2.93,3.08,541990
2020-10-05,3.05,3.1,3.05,3.09,336770
2020-10-06,3.09,3.09,3.05,3.08,263070
2020-10-07,3.07,3.08,3.03,3.04,253540
2020-10-08,3.03,3.05,2.97,3.03,274040
2020-10-09,3.03,3.06,3.01,3.01,250460
2020-10-12,3.05,3.05,2.85,2.96,215250
2020-10-13,2.94,2.97,2.92,2.96,180960
2020-10-14,2.97,3.01,2.92,2.97,174110
2020-10-15,2.97,3.03,2.94,2.96,149580
2020-10-16,2.97,2.97,2.93,2.97,151210
2020-10-19,2.97,3.04,2.97,3.03,358700
2020-10-20,3.04,3.04,2.97,3.03,159550
2020-10-21,3.03,3.03,2.98,3.0,174110
2020-10-22,3.0,3.0,2.91,2.97,221250
2020-10-23,3.0,3.0,2.94,2.95,140930
2020-10-26,2.95,2.95,2.9,2.9,346440
2020-10-27,2.89,2.91,2.85,2.87,128590
2020-10-28,2.78,2.86,2.74,2.78,127790
2020-10-29,2.74,2.8,2.72,2.79,89580
2020-10-30,2.74,2.81,2.74,2.79,30940
2020-11-02,2.88,2.88,2.74,2.79,59300
2020-11-03,2.79,2.83,2.79,2.81,46400
2020-11-04,2.81,2.83,2.79,2.83,50050
2020-11-05,2.79,2.83,2.78,2.81,49830
2020-11-06,2.83,2.83,2.78,2.8,85270
2020-11-09,2.8,2.82,2.78,2.81,41430
2020-11-10,2.83,2.89,2.79,2.85,174010
2020-11-11,2.87,2.87,2.84,2.85,165260
2020-11-12,2.8,2.85,2.8,2.84,38360
2020-11-13,2.84,2.84,2.81,2.82,82860
2020-11-16,2.93,2.93,2.83,2.88,163160
2020-11-17,2.88,3.08,2.88,3.08,921860
2020-11-18,3.22,3.29,3.21,3.29,1085630
2020-11-19,3.52,3.52,3.4,3.48,1192250
2020-11-20,3.37,3.42,3.32,3.35,720050
2020-11-23,3.35,3.5,3.35,3.44,502210
2020-11-24,3.38,3.42,3.21,3.32,449460
2020-11-25,3.32,3.32,3.24,3.27,356060
2020-11-26,3.27,3.44,3.25,3.38,298310
2020-11-27,3.44,3.44,3.35,3.4,176270
2020-11-30,3.43,3.43,3.34,3.35,337700
2020-12-01,3.26,3.36,3.26,3.36,847060
2020-12-02,3.36,3.6,3.36,3.6,1398990
2020-12-03,3.78,3.83,3.64,3.68,755660
2020-12-04,3.73,3.73,3.6,3.62,468330
2020-12-07,3.62,3.77,3.6,3.71,938550
2020-12-08,3.71,3.82,3.69,3.82,1042150
2020-12-09,3.91,4.07,3.87,4.07,1554310
2020-12-10,4.03,4.1,3.87,3.87,1396670
2020-12-11,3.93,4.07,3.89,4.07,629750
2020-12-14,4.3,4.34,4.1,4.34,1001650
2020-12-15,4.48,4.5,4.22,4.3,1416050
2020-12-16,4.34,4.38,4.24,4.3,1200610
2020-12-17,4.38,4.4,4.24,4.34,994580
2020-12-18,4.36,4.55,4.34,4.55,1347460
2020-12-21,4.87,4.87,4.81,4.87,1273130
2020-12-22,5.02,5.2,4.96,5.2,1425460
2020-12-23,5.39,5.55,5.08,5.08,1440550
2020-12-24,5.08,5.32,4.73,5.18,1312920
2020-12-25,5.18,5.53,5.08,5.53,1895840
2020-12-28,5.88,5.9,5.79,5.9,1464770
2020-12-29,5.86,6.25,5.77,6.02,1378300
2020-12-30,6.02,6.02,5.77,5.79,1284650
2020-12-31,5.79,6.18,5.79,6.18,1240140
2021-01-04,6.57,6.61,6.45,6.61,518500
2021-01-05,6.84,7.06,6.72,7.02,1915600
2021-01-06,7.27,7.43,6.84,6.96,1452500
2021-01-07,7.09,7.13,6.96,6.98,1310700
2021-01-08,7.21,7.21,6.8,6.84,1454800
2021-01-11,6.88,6.96,6.68,6.68,1219200
2021-01-12,6.45,6.92,6.43,6.66,1068400
2021-01-13,6.86,6.88,6.29,6.29,756800
2021-01-14,6.53,6.72,6.25,6.72,1423900
2021-01-15,7.19,7.19,6.96,7.11,1197300
2021-01-18,7.11,7.11,6.86,6.98,1124400
2021-01-19,6.9,6.98,6.51,6.51,1076600
2021-01-20,6.25,6.57,6.06,6.25,1891000
2021-01-21,6.57,6.57,6.22,6.53,739000
2021-01-22,6.61,6.61,6.18,6.25,803700
2021-01-25,5.94,6.27,5.9,6.16,1119800
2021-01-26,5.98,6.0,5.73,5.73,999300
2021-01-27,5.43,5.67,5.34,5.34,824100
2021-01-28,4.96,4.96,4.96,4.96,405900
2021-01-29,4.63,5.2,4.63,5.02,1316200
2021-02-01,4.89,5.04,4.69,4.69,881400
2021-02-02,4.5,4.73,4.38,4.67,699600
2021-02-03,4.79,4.98,4.69,4.98,946900
2021-02-04,5.16,5.32,5.02,5.32,1177400
2021-02-05,5.39,5.69,5.39,5.69,1103800
2021-02-08,5.75,5.98,5.39,5.51,1416400
2021-02-09,5.51,5.82,5.36,5.71,805300
2021-02-17,5.75,5.9,5.73,5.86,1054400
2021-02-18,5.82,5.86,5.59,5.67,1120300
2021-02-19,5.63,5.82,5.57,5.67,722700
2021-02-22,5.67,5.8,5.63,5.67,865600
2021-02-23,5.67,5.82,5.59,5.8,954100
2021-02-24,6.0,6.06,5.8,5.94,1742800
2021-02-25,6.04,6.08,5.77,5.9,1203400
2021-02-26,5.75,5.9,5.69,5.84,660600
2021-03-01,5.96,6.16,5.82,6.14,1307700
2021-03-02,6.25,6.27,6.02,6.04,1080800
2021-03-03,6.04,6.16,6.02,6.08,865600
2021-03-04,6.08,6.12,5.75,5.77,914900
2021-03-05,5.71,6.06,5.67,6.02,1205700
2021-03-08,6.22,6.29,6.02,6.16,1674200
2021-03-09,6.1,6.16,5.98,6.1,1057900
2021-03-10,6.06,6.18,6.02,6.1,1080400
2021-03-11,6.29,6.51,6.14,6.51,3270600
2021-03-12,6.61,6.8,6.37,6.57,1649100
2021-03-15,6.61,6.76,6.47,6.61,1598800
2021-03-16,6.61,6.65,6.35,6.41,1623500
2021-03-17,6.41,6.65,6.41,6.57,1470900
2021-03-18,6.68,6.84,6.65,6.72,1937500
2021-03-19,6.72,6.84,6.61,6.74,990800
2021-03-22,6.76,6.78,6.57,6.59,888500
2021-03-23,6.57,6.57,6.18,6.37,1791600
2021-03-24,6.22,6.33,6.04,6.08,1201500
2021-03-25,6.18,6.22,5.94,6.0,886400
2021-03-26,6.0,6.14,5.67,6.12,994300
2021-03-29,6.29,6.31,6.14,6.25,858600
2021-03-30,6.33,6.35,6.2,6.35,851000
2021-03-31,6.45,6.63,6.37,6.47,1716200
2021-04-01,6.51,6.84,6.45,6.72,2245300
2021-04-02,6.88,6.88,6.68,6.76,1612600
2021-04-05,6.84,6.96,6.8,6.86,1364500
2021-04-06,6.74,6.84,6.65,6.7,1374100
2021-04-07,6.68,6.76,6.59,6.74,986400
2021-04-08,6.8,6.8,6.63,6.72,742900
2021-04-09,6.72,6.72,6.65,6.65,905900
2021-04-12,6.72,6.88,6.61,6.86,1976300
2021-04-13,7.0,7.0,6.68,6.72,1820300
2021-04-14,6.65,6.8,6.65,6.78,945600
2021-04-15,6.76,6.82,6.63,6.68,1421400
2021-04-16,6.68,6.74,6.29,6.47,1287500
2021-04-19,6.45,6.61,6.35,6.55,722100
2021-04-20,6.65,6.72,6.45,6.47,956700
2021-04-22,6.41,6.45,6.02,6.02,1537100
2021-04-23,6.02,6.22,5.82,6.22,996900
2021-04-26,6.22,6.22,5.86,5.86,587700
2021-04-27,5.82,5.86,5.65,5.71,1103700
2021-04-28,5.67,5.82,5.67,5.71,482900
2021-04-29,5.84,5.84,5.71,5.71,349500
2021-05-04,5.51,5.67,5.49,5.65,655600
2021-05-05,5.79,6.04,5.67,6.04,977600
2021-05-06,6.06,6.18,5.82,5.92,548200
2021-05-07,5.88,5.9,5.65,5.77,571100
2021-05-10,5.63,6.06,5.63,6.06,989600
2021-05-11,6.12,6.18,5.98,6.04,872100
2021-05-12,5.86,6.06,5.86,6.06,401600
2021-05-13,6.02,6.2,5.98,6.12,1389700
2021-05-14,6.22,6.25,6.06,6.16,687800
2021-05-17,6.22,6.22,6.0,6.02,663100
2021-05-18,6.02,6.02,5.8,5.88,852400
2021-05-19,5.86,5.88,5.79,5.82,702600
2021-05-20,5.82,6.22,5.73,6.22,2109200
2021-05-21,6.37,6.57,6.29,6.33,2022800
2021-05-24,6.33,6.53,6.25,6.47,1446400
2021-05-25,6.53,6.84,6.45,6.74,2864700
2021-05-26,6.88,6.9,6.74,6.8,1853000
2021-05-27,6.84,6.86,6.45,6.53,1537500
2021-05-28,6.57,6.98,6.45,6.98,3002600
2021-05-31,7.45,7.45,7.45,7.45,1483400
2021-06-01,7.95,7.95,7.95,7.95,1329500
2021-06-02,7.62,8.33,7.62,8.25,4724900
2021-06-03,8.6,8.81,8.56,8.81,1627400
2021-06-04,9.38,9.42,8.99,9.38,3168300
2021-06-07,9.07,9.15,8.74,8.74,3206900
2021-06-08,8.29,8.74,8.13,8.13,2917000
2021-06-09,8.13,8.7,7.56,8.68,3913400
2021-06-10,8.6,8.8,8.13,8.29,1373100
2021-06-11,8.21,8.6,8.01,8.4,1749900
2021-06-14,8.29,8.95,8.13,8.83,3394200
2021-06-15,8.83,9.17,8.68,8.93,2338300
2021-06-16,8.8,8.99,8.62,8.72,1690100
2021-06-17,8.4,8.72,8.37,8.6,1356400
2021-06-18,8.68,8.83,8.58,8.6,1179400
2021-06-21,8.52,8.83,8.5,8.56,1447300
2021-06-22,8.56,8.76,8.52,8.6,1332900
2021-06-23,8.6,8.99,8.56,8.72,2002400
2021-06-24,8.87,9.21,8.83,9.03,3217100
2021-06-25,9.24,9.34,8.85,9.34,2374900
2021-06-28,9.52,9.58,9.32,9.44,1879900
2021-06-29,9.44,9.62,9.24,9.38,2329400
2021-06-30,9.38,9.38,9.07,9.07,1639500
2021-07-01,9.19,9.69,9.07,9.69,2574800
2021-07-02,10.12,10.28,9.77,10.12,2683700
2021-07-05,9.97,10.12,9.58,9.89,2130900
2021-07-06,9.77,10.01,9.21,9.21,2240600
2021-07-07,9.09,9.3,8.6,9.3,2258300
2021-07-08,9.3,9.46,8.95,8.99,1311900
2021-07-09,8.68,9.03,8.37,8.37,2048700
2021-07-12,8.01,8.03,7.8,7.8,1680100
2021-07-13,7.84,7.97,7.58,7.94,2024600
2021-07-14,8.05,8.11,7.58,7.7,1141000
2021-07-15,7.54,8.23,7.52,8.23,1186600
2021-07-16,8.21,8.33,8.07,8.09,855900
2021-07-19,7.74,7.86,7.54,7.54,1727700
2021-07-20,7.58,8.05,7.39,8.05,1264000
2021-07-21,8.13,8.13,7.76,7.82,736300
2021-07-22,7.97,8.03,7.86,7.97,982800
2021-07-23,7.94,8.21,7.9,7.9,1900900
2021-07-26,7.84,7.99,7.74,7.95,869100
2021-07-27,8.07,8.25,7.97,8.05,942400
2021-07-28,7.95,8.09,7.92,7.99,759100
2021-07-29,8.07,8.29,8.01,8.29,1450600
2021-07-30,8.4,8.52,8.37,8.48,1516600
2021-08-02,8.4,8.58,8.25,8.4,1259900
2021-08-03,8.38,8.72,8.33,8.72,1973400
2021-08-04,8.8,8.91,8.6,8.72,1593600
2021-08-05,8.62,8.8,8.54,8.78,941000
2021-08-06,8.78,8.78,8.52,8.56,1520600
2021-08-09,8.42,8.99,8.42,8.97,2193500
2021-08-10,9.19,9.19,8.87,8.99,1402400
2021-08-11,9.11,9.11,8.8,8.8,1193400
2021-08-12,8.72,8.97,8.64,8.8,1338700
2021-08-13,8.72,8.99,8.7,8.99,1972300
2021-08-16,9.36,9.62,9.28,9.62,3197200
2021-08-17,9.69,9.89,9.54,9.69,2324300
2021-08-18,9.58,10.05,9.54,9.81,2306100
2021-08-19,9.79,10.5,9.73,10.5,3333400
2021-08-20,11.22,11.22,10.55,11.1,6056100
2021-08-23,11.1,11.86,11.1,11.86,3070300
2021-08-24,12.1,12.12,11.04,11.04,4999600
2021-08-25,10.75,11.34,10.44,11.3,2366700
2021-08-26,11.28,11.65,10.98,11.18,1590500
2021-08-27,10.98,11.45,10.87,11.45,1516400
2021-08-30,11.57,11.73,11.34,11.63,1597300
2021-08-31,11.65,11.92,11.41,11.49,1837700
2021-09-01,11.37,11.92,11.3,11.86,2742100
2021-09-06,12.12,12.68,12.04,12.51,1736200
2021-09-07,12.47,12.66,12.16,12.35,1735800
2021-09-08,12.35,12.51,11.75,11.92,1822200
2021-09-09,11.88,12.04,11.79,12.0,976000
2021-09-10,12.08,12.23,11.79,11.79,980600
2021-09-13,11.77,11.88,11.26,11.37,1785500
2021-09-14,11.22,11.53,10.75,10.87,1638400
2021-09-15,10.55,11.3,10.55,11.12,1314300
2021-09-16,11.14,11.26,11.02,11.1,525000
2021-09-17,11.1,11.71,11.1,11.57,919800
2021-09-20,11.65,11.73,11.18,11.26,1100000
2021-09-21,11.06,11.16,10.67,10.94,1021200
2021-09-22,10.94,11.12,10.93,11.0,737100
2021-09-23,11.14,11.2,10.94,11.0,755900
2021-09-24,11.02,11.02,10.79,10.79,568500
2021-09-27,10.83,10.83,10.28,10.28,1078800
2021-09-28,10.24,10.79,9.99,10.79,684100
2021-09-29,10.67,10.71,10.48,10.55,321400
2021-09-30,10.67,10.75,10.57,10.59,310900
2021-10-01,10.48,10.61,10.2,10.32,733000
2021-10-04,10.2,10.53,9.97,10.2,808300
2021-10-05,10.36,10.91,10.34,10.91,1006100
2021-10-06,11.12,11.12,10.75,10.91,547000
2021-10-07,10.87,11.26,10.79,11.12,681500
2021-10-08,11.12,11.22,11.0,11.04,656300
2021-10-11,11.14,11.3,11.08,11.22,956300
2021-10-12,11.3,11.34,11.08,11.14,630700
2021-10-13,11.16,11.3,10.89,11.02,608200
2021-10-14,10.94,11.3,10.94,11.18,634700
2021-10-15,11.28,11.28,10.98,11.14,749300
2021-10-18,11.14,11.65,11.06,11.41,1449500
2021-10-19,11.49,11.69,11.34,11.57,1119300
2021-10-20,11.57,11.57,11.14,11.24,644100
2021-10-21,11.22,11.22,10.96,11.06,752700
2021-10-22,10.91,11.06,10.55,10.67,1644200
2021-10-25,10.67,10.83,10.4,10.67,772800
2021-10-26,10.67,10.85,10.48,10.83,302900
2021-10-27,10.83,11.08,10.67,10.94,832600
2021-10-28,11.02,11.45,11.02,11.22,1300300
2021-10-29,11.22,11.43,11.02,11.28,1207700
2021-11-01,11.37,12.06,11.37,12.06,5172800
2021-11-02,12.51,12.51,12.16,12.39,2166700
2021-11-03,12.51,12.51,11.57,11.57,2673500
2021-11-04,11.84,12.37,11.73,12.37,3226300
2021-11-05,12.86,13.02,12.55,12.68,2318200
2021-11-08,12.59,13.56,12.59,13.56,2563500
2021-11-09,13.56,14.15,13.29,14.15,2302300
2021-11-10,14.07,14.42,13.86,14.17,1632300
2021-11-11,14.15,15.15,13.92,14.85,2817200
2021-11-12,14.97,15.89,14.66,15.89,3642000
2021-11-15,16.71,16.98,15.11,16.42,2366000
2021-11-16,15.64,17.47,15.64,16.81,2935400
2021-11-17,16.81,17.39,16.42,16.73,2458500
2021-11-18,16.96,17.88,16.69,17.88,1959700
2021-11-19,17.88,18.57,16.63,17.39,3048700
2021-11-22,17.39,17.79,16.65,16.65,2496000
2021-11-23,16.46,17.53,15.87,17.39,1951000
2021-11-24,17.75,17.77,17.2,17.59,1984200
2021-11-25,17.59,18.65,17.04,18.57,2295300
2021-11-26,18.68,19.06,17.9,18.37,1766600
2021-11-29,18.18,18.53,17.82,18.53,1265100
2021-11-30,18.61,18.76,17.9,17.98,2109000
2021-12-01,18.06,18.18,17.39,17.43,1556400
2021-12-02,17.43,17.59,17.12,17.16,1356800
2021-12-03,17.14,17.14,15.97,15.97,2189900
2021-12-06,15.95,15.95,14.85,14.85,1976500
2021-12-07,14.89,15.24,13.88,15.05,2561600
2021-12-08,15.21,15.87,15.13,15.44,1066000
2021-12-09,15.36,15.87,15.32,15.87,683100
2021-12-10,15.83,15.83,15.4,15.48,1063100
2021-12-13,15.64,16.18,15.24,15.87,1183200
2021-12-14,15.95,16.38,15.67,15.93,1380900
2021-12-15,15.71,15.99,15.67,15.67,837500
2021-12-16,15.71,15.75,15.28,15.28,975800
2021-12-17,15.24,16.26,15.24,16.18,1522300
2021-12-20,16.42,17.0,16.1,16.67,1294500
2021-12-21,16.42,16.61,16.24,16.32,730700
2021-12-22,16.32,16.5,15.87,15.95,1278200
2021-12-23,15.79,15.79,14.83,14.97,1579200
2021-12-24,15.19,15.52,14.97,15.52,718100
2021-12-27,16.18,16.18,15.56,15.67,646700
2021-12-28,15.67,15.87,15.56,15.73,917200
2021-12-29,15.62,16.83,15.62,16.83,2208300
2021-12-30,17.61,18.0,17.16,18.0,1956300
2021-12-31,18.53,18.72,17.71,18.12,2228400
2022-01-04,18.12,18.68,17.98,18.68,2171600
2022-01-05,18.76,19.97,18.68,19.51,2428500
2022-01-06,19.51,20.25,19.0,19.23,1972900
2022-01-07,19.23,19.45,18.65,18.76,1991500
2022-01-10,18.57,19.19,17.45,17.45,3201500
2022-01-11,17.14,17.71,16.42,16.42,2157400
2022-01-12,16.42,17.55,16.22,17.55,2434600
2022-01-13,17.98,18.02,16.81,16.93,1443000
2022-01-14,16.61,17.63,16.22,17.39,894800
2022-01-17,17.28,17.36,16.18,16.18,1819800
2022-01-18,15.07,15.56,15.07,15.07,1557800
2022-01-19,15.44,15.6,14.46,15.09,1324600
2022-01-20,15.17,15.79,14.5,15.48,699400
2022-01-21,15.52,15.52,14.91,14.93,879200
2022-01-24,14.46,14.5,13.9,13.9,994200
2022-01-25,12.94,13.6,12.94,13.21,1221000
2022-01-26,13.29,14.05,13.25,13.56,931200
2022-01-27,13.56,14.46,13.52,13.88,855300
2022-01-28,13.7,14.03,13.13,13.64,823400
2022-02-07,13.99,14.31,13.9,13.92,561400
2022-02-08,13.92,14.44,13.72,14.29,626600
2022-02-09,14.19,15.07,14.19,14.83,797000
2022-02-10,14.85,15.09,14.5,14.64,679500
2022-02-11,14.48,14.85,14.46,14.7,511100
2022-02-14,14.66,14.66,13.88,13.88,1069700
2022-02-15,13.68,14.03,13.68,13.99,488000
2022-02-16,14.03,14.44,14.03,14.33,489700
2022-02-17,14.46,14.46,14.15,14.25,425400
2022-02-18,14.07,14.64,14.07,14.54,801100
2022-02-21,14.66,15.21,14.66,15.09,1168700
2022-02-22,14.74,14.97,14.5,14.72,1134700
2022-02-23,14.91,15.03,14.76,14.83,504600
2022-02-24,14.66,15.32,14.27,15.01,1571800
2022-02-25,15.24,16.03,15.09,15.87,1809200
2022-02-28,15.87,16.22,15.87,15.95,993100
2022-03-01,15.99,15.99,15.56,15.83,1183800
2022-03-02,15.56,15.87,15.01,15.4,1502500
2022-03-03,15.48,15.64,15.17,15.64,807400
2022-03-04,15.87,16.12,15.64,15.64,1067200
2022-03-07,15.44,15.56,15.26,15.36,836400
2022-03-08,15.05,15.75,15.05,15.13,793000
2022-03-09,15.24,15.28,14.15,14.89,873200
2022-03-10,15.52,15.52,15.05,15.09,413900
2022-03-11,15.09,15.09,14.54,14.54,691300
2022-03-14,14.54,14.58,13.88,13.92,821500
2022-03-15,13.86,14.31,13.86,14.07,295000
2022-03-16,14.19,14.38,14.11,14.27,240600
2022-03-17,14.38,14.42,14.23,14.25,279100
2022-03-18,14.27,14.58,14.23,14.44,396400
2022-03-21,14.66,14.78,14.58,14.66,267500
2022-03-22,14.74,15.03,14.74,15.01,652500
2022-03-23,15.13,15.13,14.66,14.74,637800
2022-03-24,14.74,14.85,14.54,14.64,440100
2022-03-25,14.93,14.93,14.48,14.5,660500
2022-03-28,14.57,14.94,13.89,14.21,679500
2022-03-29,14.23,14.57,14.23,14.44,359200
2022-03-30,14.19,14.73,14.19,14.27,512500
2022-03-31,14.31,14.57,14.14,14.21,282200
2022-04-01,14.14,14.63,13.97,14.63,553600
2022-04-04,14.9,15.64,14.73,15.64,2177800
2022-04-05,15.58,16.04,15.3,15.32,1047500
2022-04-06,15.22,15.62,15.22,15.41,691500
2022-04-07,15.58,15.6,14.99,14.99,1115900
2022-04-08,14.99,15.09,14.14,14.14,739400
2022-04-12,14.5,14.5,13.85,13.85,483100
2022-04-13,13.91,14.57,13.38,14.14,506900
2022-04-14,14.1,14.35,13.76,13.78,375500
2022-04-15,13.57,14.0,13.47,13.47,413800
2022-04-18,13.09,13.34,12.54,12.54,1178500
2022-04-19,12.58,12.67,11.67,11.67,584800
2022-04-20,11.61,11.86,11.02,11.02,526600
2022-04-21,10.55,11.61,10.55,11.31,861300
2022-04-22,11.53,11.82,10.98,11.31,421300
2022-04-25,11.57,11.57,10.53,10.53,447000
2022-04-26,9.86,10.64,9.82,10.51,738600
2022-04-27,10.53,10.55,9.92,10.51,363400
2022-04-28,10.6,10.87,10.47,10.47,301400
2022-04-29,10.47,10.77,10.3,10.64,422300
2022-05-04,10.55,10.72,9.92,10.13,379300
2022-05-05,10.32,10.34,9.6,10.03,481500
2022-05-06,9.86,9.86,9.33,9.33,467500
2022-05-09,8.78,9.22,8.7,8.7,350100
2022-05-10,8.11,8.7,8.11,8.36,1100900
2022-05-11,8.61,8.61,8.32,8.57,394500
2022-05-12,8.44,8.44,7.98,7.98,391100
2022-05-13,7.68,8.06,7.43,7.43,814700
2022-05-16,7.81,7.94,7.6,7.6,860100
2022-05-17,7.6,8.13,7.6,8.13,652200
2022-05-18,8.23,8.65,8.23,8.4,933500
2022-05-19,8.27,8.97,8.15,8.95,1206100
2022-05-20,8.99,9.29,8.87,8.99,801300
2022-05-23,9.03,9.08,8.38,8.44,794300
2022-05-24,8.27,8.65,7.94,8.65,709200
2022-05-25,8.65,9.16,8.65,9.16,708200
2022-05-26,9.29,9.6,9.16,9.41,748000
2022-05-27,9.29,9.5,9.2,9.31,534300
2022-05-30,9.33,9.5,9.12,9.27,569700
2022-05-31,9.22,9.37,8.99,9.14,556400
2022-06-01,9.22,9.37,8.87,9.14,452600
2022-06-02,9.25,9.46,9.01,9.06,731300
2022-06-03,8.99,9.12,8.87,8.95,439800
2022-06-06,8.95,9.29,8.72,8.87,633700
2022-06-07,8.68,8.99,8.36,8.57,607200
2022-06-08,8.87,9.03,8.53,8.91,623100
2022-06-09,9.08,9.08,8.87,9.01,313600
2022-06-10,8.99,8.99,8.44,8.53,432500
2022-06-13,8.06,8.23,7.94,7.94,663300
2022-06-14,7.6,7.94,7.43,7.47,408500
2022-06-15,7.6,7.6,6.97,6.97,725000
2022-06-16,7.18,7.3,6.48,6.59,546300
2022-06-17,6.18,6.29,6.14,6.14,430300
2022-06-20,6.08,6.33,5.72,5.72,638200
2022-06-21,5.45,6.1,5.34,5.74,617800
2022-06-22,6.04,6.14,5.91,6.14,543700
2022-06-23,6.04,6.16,6.02,6.12,294400
2022-06-24,6.12,6.37,6.12,6.25,505500
2022-06-27,6.29,6.67,6.29,6.67,720700
2022-06-28,6.86,6.97,6.75,6.75,668600
2022-06-29,6.67,7.01,6.61,6.9,457700
2022-06-30,6.82,6.9,6.44,6.44,740200
2022-07-01,6.29,6.88,6.14,6.75,616500
2022-07-04,6.97,7.13,6.88,7.05,698500
2022-07-05,7.05,7.13,6.82,6.9,691800
2022-07-06,6.67,6.9,6.5,6.54,567400
2022-07-07,6.5,6.67,6.25,6.44,460500
2022-07-08,6.71,6.88,6.54,6.84,594400
2022-07-11,6.84,7.03,6.75,6.84,804900
2022-07-12,6.84,7.18,6.71,7.18,563700
2022-07-13,7.18,7.3,7.09,7.09,455500
2022-07-14,7.01,7.58,6.97,7.58,1145100
2022-07-15,7.68,7.75,7.47,7.47,597500
2022-07-18,7.6,7.66,7.45,7.45,484500
2022-07-19,7.43,7.45,7.09,7.3,625500
2022-07-20,7.51,7.81,7.39,7.79,998800
2022-07-21,7.77,7.77,7.6,7.64,398000
2022-07-22,7.64,7.77,7.45,7.45,585300
2022-07-25,7.3,7.66,7.2,7.45,542500
2022-07-26,7.43,7.58,7.26,7.26,310800
2022-07-27,7.18,7.51,7.11,7.43,673000
2022-07-28,7.6,7.85,7.6,7.7,850200
2022-07-29,7.79,8.0,7.66,7.81,853300
2022-08-01,7.85,8.34,7.85,8.34,1152100
2022-08-02,8.44,8.65,8.32,8.51,1483400
2022-08-03,8.38,8.87,8.38,8.78,970500
2022-08-04,8.91,8.99,8.61,8.8,835700
2022-08-05,8.7,9.29,8.61,9.29,1296700
2022-08-08,9.35,9.5,9.16,9.25,914300
2022-08-09,9.25,9.5,9.08,9.29,650200
2022-08-10,9.27,9.41,9.16,9.25,577300
2022-08-11,9.37,9.48,8.7,8.87,1732800
2022-08-12,8.87,9.31,8.78,9.31,1198600
2022-08-15,9.5,9.5,9.29,9.37,643100
2022-08-16,9.33,9.77,9.27,9.75,1432500
2022-08-17,9.96,10.13,9.84,9.94,1299100
2022-08-18,9.86,10.47,9.77,10.28,1168800
2022-08-19,10.3,10.41,9.88,10.13,1298000
2022-08-22,10.13,10.17,9.67,9.67,1257200
2022-08-23,9.44,10.13,9.44,10.13,1338600
2022-08-24,10.52,10.82,10.49,10.82,1682800
2022-08-25,11.2,11.2,10.9,10.98,949900
2022-08-26,10.9,11.06,10.68,10.71,1081500
2022-08-29,10.19,10.6,10.0,10.44,1903600
2022-08-30,10.6,10.71,10.16,10.16,710000
2022-08-31,10.11,10.63,10.11,10.44,701600
2022-09-05,10.54,10.65,10.41,10.54,614300
2022-09-06,10.57,10.82,10.41,10.65,785600
2022-09-07,10.63,10.79,10.24,10.27,1331800
2022-09-08,10.49,10.49,10.11,10.16,613700
2022-09-09,10.35,10.35,9.56,10.35,916700
2022-09-12,10.35,10.44,10.16,10.19,389550
2022-09-13,10.22,10.24,10.0,10.19,514300
2022-09-14,9.83,10.49,9.81,10.49,913300
2022-09-15,10.49,10.6,10.33,10.38,465100
2022-09-16,10.22,10.33,9.83,9.83,662300
2022-09-19,9.83,9.83,9.15,9.15,985600
2022-09-20,9.29,9.51,8.77,9.45,693000
2022-09-21,9.4,9.48,9.15,9.34,201700
2022-09-22,9.29,9.83,9.18,9.75,807900
2022-09-23,9.7,10.03,9.67,9.73,555100
2022-09-26,9.4,9.56,9.07,9.07,785600
2022-09-27,9.29,9.29,8.99,9.07,365200
2022-09-28,9.01,9.34,8.96,9.07,666644
2022-09-29,9.34,9.34,8.52,8.52,456372
2022-09-30,8.3,9.1,8.0,8.99,804905
2022-10-03,8.82,8.96,8.36,8.36,482788
2022-10-04,8.41,8.63,8.0,8.0,598825
2022-10-05,8.14,8.47,8.14,8.39,352713
2022-10-06,8.47,8.47,7.81,7.81,542436
2022-10-07,7.49,7.76,7.27,7.27,567850
2022-10-10,6.86,7.62,6.86,7.54,502140
2022-10-11,7.54,7.59,7.02,7.02,419901
2022-10-12,6.83,7.46,6.83,7.21,533355
2022-10-13,7.24,7.35,7.13,7.24,199327
2022-10-14,7.49,7.65,7.43,7.49,606056
2022-10-17,7.38,7.49,7.16,7.38,287776
2022-10-18,7.59,7.7,7.43,7.43,483758
2022-10-19,7.54,7.59,7.43,7.43,340956
2022-10-20,7.29,7.43,7.13,7.18,724038
2022-10-21,7.21,7.21,6.69,6.69,640713
2022-10-24,6.58,6.77,6.23,6.23,648079
2022-10-25,5.85,6.56,5.82,6.01,1881626
2022-10-26,6.15,6.15,5.6,5.6,870709
2022-10-27,5.82,5.98,5.57,5.98,1121103
2022-10-28,6.06,6.28,6.06,6.12,862772
2022-10-31,6.06,6.37,5.76,6.09,850741
2022-11-01,6.34,6.5,6.12,6.47,1412866
2022-11-02,6.5,6.64,6.34,6.47,685180
2022-11-03,6.37,6.56,6.23,6.37,897167
2022-11-04,6.26,6.34,5.93,5.93,1145560
2022-11-07,5.93,5.98,5.52,5.52,1110760
2022-11-08,5.26,5.68,5.26,5.55,498771
2022-11-09,5.68,5.76,5.35,5.49,378387
2022-11-10,5.46,5.46,5.11,5.11,646689
2022-11-11,5.14,5.28,4.75,4.75,912227
2022-11-14,4.45,4.56,4.43,4.43,912207
2022-11-15,4.15,4.21,4.12,4.12,336549
2022-11-16,3.84,4.4,3.84,4.4,1243489
2022-11-17,4.51,4.71,4.51,4.71,533569
2022-11-18,4.8,4.97,4.45,4.92,822403
2022-11-21,4.97,5.11,4.81,4.85,716212
2022-11-22,4.85,5.18,4.81,4.89,938635
2022-11-23,4.84,5.02,4.55,4.55,605783
2022-11-24,4.48,4.7,4.43,4.6,441093
2022-11-25,4.75,4.92,4.7,4.92,582297
2022-11-28,5.26,5.26,5.08,5.26,842087
2022-11-29,5.63,5.63,5.38,5.63,2197016
2022-11-30,5.9,6.01,5.63,6.01,1255954
2022-12-01,6.39,6.42,6.12,6.15,2059762
2022-12-02,6.06,6.56,5.98,6.56,2003811
2022-12-05,6.99,6.99,6.94,6.99,1286730
2022-12-06,7.16,7.46,7.05,7.05,4324073
2022-12-07,6.99,7.32,6.67,6.83,2080382
2022-12-08,7.16,7.29,7.16,7.29,1331865
2022-12-09,7.68,7.79,7.38,7.79,2656574
2022-12-12,8.25,8.25,7.27,7.27,3077615
2022-12-13,7.35,7.76,7.21,7.76,2192590
2022-12-14,8.28,8.28,8.0,8.25,3004300
2022-12-15,8.2,8.71,8.09,8.28,1669797
2022-12-16,8.22,8.47,8.03,8.14,2292957
2022-12-19,8.2,8.58,8.0,8.0,1933861
2022-12-20,7.92,7.98,7.46,7.54,3211514
2022-12-21,7.7,7.89,7.02,7.21,1240813
2022-12-22,7.4,7.49,7.1,7.49,1190471
2022-12-23,7.49,7.51,7.24,7.35,686811
2022-12-26,7.32,7.35,6.86,6.86,1581280
2022-12-27,6.69,7.32,6.69,7.32,1316563
2022-12-28,7.38,7.59,7.24,7.43,1146104
2022-12-29,7.35,7.54,6.94,6.94,856335
2022-12-30,7.05,7.13,6.91,6.91,738109
2023-01-03,6.91,7.38,6.91,7.38,933978
2023-01-04,7.68,7.73,7.51,7.51,1497119
2023-01-05,7.54,7.7,7.24,7.54,1045214
2023-01-06,7.65,7.84,7.43,7.49,1420923
2023-01-09,7.65,7.7,7.49,7.49,774247
2023-01-10,7.51,7.59,7.24,7.51,704495
2023-01-11,7.59,8.0,7.57,7.84,1619332
2023-01-12,7.92,7.92,7.62,7.76,1044731
2023-01-13,7.92,8.0,7.76,7.87,1242456
2023-01-16,7.92,7.95,7.7,7.92,1028087
2023-01-17,7.98,8.36,7.98,8.36,1773158
2023-01-18,8.36,8.47,8.3,8.44,1174524
2023-01-19,8.28,8.66,8.28,8.44,1061164
2023-01-27,8.55,8.61,8.03,8.03,2068120
2023-01-30,7.98,8.33,7.92,7.98,2359768
2023-01-31,7.98,8.28,7.98,8.28,1492803
2023-02-01,8.41,8.41,7.7,7.7,2410475
2023-02-02,7.59,7.76,7.38,7.4,1599974
2023-02-03,7.54,7.59,7.24,7.38,949290
2023-02-06,7.21,7.46,7.21,7.43,809113
2023-02-07,7.51,7.7,7.21,7.38,839090
2023-02-08,7.43,7.59,7.27,7.54,880041
2023-02-09,7.54,7.65,7.43,7.54,509194
2023-02-10,7.46,7.54,7.21,7.35,637607
2023-02-13,7.21,7.21,6.86,6.86,1774041
2023-02-14,6.99,7.05,6.86,6.97,472783
2023-02-15,6.97,7.21,6.94,7.02,672953
2023-02-16,7.08,7.32,7.05,7.32,809454
2023-02-17,7.27,7.35,7.13,7.27,846933
2023-02-20,7.27,7.76,7.27,7.76,1472174
2023-02-21,7.95,7.98,7.76,7.81,1365340
2023-02-22,7.59,7.76,7.32,7.32,2449607
2023-02-23,7.27,7.38,6.99,7.38,1194049
2023-02-24,7.38,7.4,7.1,7.1,660653
2023-02-27,6.86,7.02,6.67,6.67,1109766
2023-02-28,6.83,6.88,6.67,6.75,725881
2023-03-01,6.75,7.18,6.67,7.18,734509
2023-03-02,7.21,7.27,6.97,7.13,554163
2023-03-03,7.21,7.21,6.86,6.86,546482
2023-03-06,6.99,7.13,6.88,6.88,493034
2023-03-07,6.94,7.13,6.91,7.02,558800
2023-03-08,6.97,7.27,6.91,7.27,1064028
2023-03-09,7.35,7.43,7.29,7.32,1210881
2023-03-10,7.21,7.38,7.16,7.32,789692
2023-03-13,7.1,7.38,7.05,7.16,1073110
2023-03-14,7.27,7.27,6.86,6.91,1193816
2023-03-15,7.24,7.38,7.16,7.38,1256581
2023-03-16,7.43,7.73,7.4,7.59,3443937
2023-03-17,7.81,7.81,7.51,7.57,1184092
2023-03-20,7.54,7.76,7.35,7.35,1733958
2023-03-21,7.46,7.76,7.29,7.76,1491125
2023-03-22,7.87,7.98,7.73,7.81,2161673
2023-03-23,7.68,8.25,7.65,8.2,2903779
2023-03-24,8.36,8.44,8.11,8.14,2044380
2023-03-27,8.14,8.52,8.11,8.39,2430376
2023-03-28,8.47,8.63,8.28,8.41,3060661
2023-03-29,8.44,8.74,8.41,8.74,2561388
2023-03-30,8.99,8.99,8.63,8.63,2266183
2023-03-31,8.66,9.15,8.52,9.15,3551280
2023-04-03,9.4,9.51,9.18,9.34,2115212
2023-04-04,9.15,9.53,9.15,9.45,3370724
2023-04-05,9.42,9.51,9.23,9.45,2272619
2023-04-06,9.56,9.67,8.96,9.01,2951759
2023-04-07,9.18,9.64,9.01,9.62,3701409
2023-04-10,9.83,10.0,9.23,9.51,2305780
2023-04-11,9.51,9.73,9.07,9.73,2391624
2023-04-12,9.59,9.7,9.23,9.29,1733361
2023-04-13,9.34,9.34,9.04,9.12,1735810
2023-04-14,9.23,9.4,8.96,8.96,2063038
2023-04-17,8.96,9.23,8.93,9.1,1179704
2023-04-18,9.18,9.64,9.01,9.64,3379865
2023-04-19,9.73,9.92,9.32,9.4,2882301
2023-04-20,9.34,9.42,9.1,9.21,1645945
2023-04-21,9.23,9.78,9.18,9.53,2900663
2023-04-24,9.56,9.64,9.34,9.4,1323377
2023-04-25,9.45,9.45,8.74,8.74,4180730
2023-04-26,8.74,8.96,8.63,8.96,1351818
2023-04-27,8.99,8.99,8.8,8.88,1292451
2023-04-28,9.01,9.12,8.82,9.07,1429638
2023-05-04,9.01,9.34,8.93,9.23,1872819
2023-05-05,9.23,9.32,9.01,9.15,1137091
2023-05-08,9.18,9.4,9.15,9.29,2422655
2023-05-09,9.4,9.4,9.12,9.23,1197845
2023-05-10,9.29,9.4,9.23,9.29,1958616
2023-05-11,9.32,9.64,9.29,9.48,2993110
2023-05-12,9.48,9.7,9.42,9.7,2091388
2023-05-15,9.75,9.78,9.29,9.29,1990723
2023-05-16,9.34,9.45,9.21,9.45,1402172
2023-05-17,9.42,9.48,9.07,9.1,2362355
2023-05-18,9.21,9.59,9.07,9.37,2142947
2023-05-19,9.4,9.53,9.29,9.48,1851026
2023-05-22,9.7,9.75,9.53,9.64,2389143
2023-05-23,9.73,10.03,9.64,9.78,3649025
2023-05-24,9.94,10.46,9.86,10.38,4074971
2023-05-25,10.38,10.38,10.0,10.16,2089811
2023-05-26,10.19,10.52,10.16,10.27,1735307
2023-05-29,10.33,10.52,10.22,10.41,2068628
2023-05-30,10.54,10.82,10.24,10.57,2417686
2023-05-31,10.6,10.68,10.33,10.46,1663392
2023-06-01,10.33,10.63,10.22,10.57,2380796
2023-06-02,10.65,10.82,10.57,10.6,1978490
2023-06-05,10.63,10.71,10.16,10.22,2802428
2023-06-06,10.16,10.57,10.03,10.49,3017530
2023-06-07,10.54,10.6,10.33,10.44,1231379
2023-06-08,10.44,10.49,10.0,10.0,2351958
2023-06-09,10.03,10.27,10.0,10.27,1526857
2023-06-12,10.27,10.35,9.92,10.16,1267268
2023-06-13,10.22,10.6,10.19,10.54,2890402
2023-06-14,10.54,10.6,10.33,10.33,1667716
2023-06-15,10.33,10.38,10.14,10.24,1350465
2023-06-16,10.46,10.87,10.27,10.35,3946706
2023-06-19,10.38,10.65,10.3,10.65,1705711
2023-06-20,10.71,10.82,10.54,10.82,2073298
2023-06-21,10.93,11.56,10.93,11.56,5092679
2023-06-22,11.77,11.8,11.58,11.69,2054384
2023-06-23,11.75,12.02,11.5,11.86,2747689
2023-06-26,11.72,12.29,11.04,12.29,4140929
2023-06-27,12.51,12.51,12.02,12.1,1465625
2023-06-28,12.1,12.27,11.75,11.94,1795220
2023-06-29,11.91,11.91,11.47,11.47,1825386
2023-06-30,11.47,11.88,11.39,11.75,1790225
2023-07-03,11.97,11.97,11.75,11.88,809858
2023-07-04,11.94,12.4,11.88,12.4,3256051
2023-07-05,12.51,12.51,12.13,12.16,1269076
2023-07-06,12.18,12.38,11.75,11.99,3228864
2023-07-07,11.91,12.21,11.69,12.21,1507177
2023-07-10,12.29,12.48,12.27,12.38,1877323
2023-07-11,12.51,12.51,12.21,12.29,2346049
2023-07-12,12.29,12.84,12.29,12.54,1947209
2023-07-13,12.57,12.68,12.46,12.57,1375610
2023-07-14,12.68,12.7,12.27,12.62,1969943
2023-07-17,12.78,12.78,12.54,12.57,1353506
2023-07-18,12.51,12.54,12.35,12.4,1240878
2023-07-19,12.35,12.76,12.24,12.35,2180386
2023-07-20,12.35,12.4,12.18,12.35,1491157
2023-07-21,12.51,13.19,12.46,13.19,4071579
2023-07-24,13.88,13.88,13.47,13.63,2471664
2023-07-25,13.63,13.74,13.36,13.44,1934081
2023-07-26,13.39,13.74,13.39,13.66,1625411
2023-07-27,13.66,13.88,13.3,13.6,2047049
2023-07-28,13.69,13.85,13.58,13.77,1904382
2023-07-31,13.85,14.26,13.69,14.1,2143559
2023-08-01,14.15,14.21,13.85,13.88,1596552
2023-08-02,13.9,14.21,13.82,14.21,1434853
2023-08-03,14.21,14.75,14.07,14.18,1960846
2023-08-04,14.21,14.48,14.12,14.4,1383935
2023-08-07,14.53,14.83,14.45,14.64,1076794
2023-08-08,14.67,14.81,14.31,14.34,1471271
2023-08-09,14.34,14.34,14.04,14.07,1814579
2023-08-10,13.99,14.12,13.66,13.66,1719160
2023-08-11,13.77,14.12,13.39,14.12,2023600
2023-08-14,14.31,14.67,14.1,14.48,2118542
2023-08-15,14.53,14.59,14.23,14.26,1019696
2023-08-16,14.21,14.31,13.99,14.15,1322380
2023-08-17,14.21,14.67,14.21,14.23,2112864
2023-08-18,14.1,14.21,13.25,13.25,2844484
2023-08-21,13.39,13.58,13.06,13.17,1893638
2023-08-22,13.22,13.66,12.29,13.66,2272353
2023-08-23,13.88,13.88,13.44,13.47,914711
2023-08-24,13.44,13.93,13.36,13.85,1403659
2023-08-25,13.8,14.04,13.66,13.99,1427760
2023-08-28,14.12,14.37,14.01,14.37,1738840
2023-08-29,14.51,14.67,14.29,14.4,1877383
2023-08-30,14.4,15.38,14.4,15.38,3662201
2023-08-31,15.68,16.17,15.46,15.68,1863624
2023-09-05,15.84,15.84,15.49,15.71,1741990
2023-09-06,15.68,16.8,15.43,16.39,1958025
2023-09-07,16.42,16.72,16.25,16.39,1500355
2023-09-08,16.39,16.58,16.28,16.34,1094751
2023-09-11,16.5,17.35,16.28,16.53,3312938
2023-09-12,17.21,17.67,16.75,17.67,1885093
2023-09-13,17.84,18.36,17.29,17.81,2235393
2023-09-14,17.7,18.03,17.27,17.48,1992242
2023-09-15,17.81,17.81,17.05,17.18,1495864
2023-09-18,17.13,17.48,16.88,17.27,1232610
2023-09-19,17.27,17.7,16.94,17.65,1459442
2023-09-20,17.87,18.28,17.73,17.92,1392672
2023-09-21,17.89,17.98,16.99,16.99,2283065
2023-09-22,16.23,16.66,15.82,15.82,4141808
2023-09-25,15.3,15.9,14.72,14.72,1762056
2023-09-26,14.21,15.71,14.21,14.75,3126950
2023-09-27,15.02,15.76,14.64,15.76,2954101
2023-09-28,15.82,16.45,15.46,16.12,2264142
2023-09-29,16.39,16.39,15.57,15.79,1739529
2023-10-02,15.79,15.95,15.46,15.46,1630505
2023-10-03,15.19,15.19,14.4,14.4,3319318
2023-10-04,13.6,15.27,13.6,14.64,2638530
2023-10-05,14.64,14.83,13.93,13.93,1553831
2023-10-06,13.88,14.34,13.47,14.31,1952580
2023-10-09,14.29,14.62,14.12,14.53,1313109
2023-10-10,14.75,14.97,14.53,14.53,2183609
2023-10-11,14.53,15.02,14.31,15.02,1476139
2023-10-12,15.24,15.41,14.97,15.08,1930054
2023-10-13,14.81,15.13,14.48,14.97,1542238
2023-10-16,14.97,14.97,14.48,14.59,1623176
2023-10-17,14.75,14.86,13.58,13.58,1167581
2023-10-18,13.66,13.88,12.65,12.68,3429958
2023-10-19,12.68,12.73,11.8,11.8,2714512
2023-10-20,11.8,12.62,11.45,12.62,3125940
2023-10-23,12.73,13.22,12.65,12.89,2052332
2023-10-24,13.03,13.11,12.59,13.11,1325460
2023-10-25,13.19,13.22,12.62,12.73,1350758
2023-10-26,12.07,12.27,11.86,11.86,2539675
2023-10-27,12.02,12.24,11.31,12.18,1820102
2023-10-30,11.99,12.18,11.36,11.36,965419
2023-10-31,11.47,11.64,10.6,10.6,2059992
2023-11-01,10.82,11.34,10.38,11.34,2067377
2023-11-02,11.64,12.13,11.47,12.13,1879202
2023-11-03,12.43,12.43,11.99,12.16,2341354
2023-11-06,12.29,12.7,12.16,12.62,1592942
2023-11-07,12.62,12.92,12.38,12.73,1831399
2023-11-08,12.57,13.6,12.54,13.6,2625319
2023-11-09,14.15,14.42,13.71,13.96,2258045
2023-11-10,13.66,14.37,13.58,13.69,2415360
2023-11-13,13.71,14.1,13.66,14.04,1661402
2023-11-14,14.48,14.53,13.99,14.18,2043996
2023-11-15,14.81,14.81,14.15,14.15,1648619
2023-11-16,13.96,14.53,13.96,14.53,1176172
2023-11-17,14.53,14.7,13.93,14.1,2744357
2023-11-20,13.82,15.0,13.82,14.89,2828809
2023-11-21,15.11,15.13,14.83,15.05,1813467
2023-11-22,15.05,15.52,14.92,15.49,2227179
2023-11-23,15.57,15.65,14.42,14.42,2256465
2023-11-24,14.53,15.02,13.93,14.92,2725417
2023-11-27,14.92,14.97,14.48,14.48,1138866
2023-11-28,14.42,14.75,14.01,14.75,1562487
2023-11-29,14.86,15.02,14.75,14.92,1350513
2023-11-30,15.02,15.19,14.7,14.78,1784966
2023-12-01,14.94,15.08,14.59,15.05,1901492
2023-12-04,15.52,16.01,15.35,15.63,2581469
2023-12-05,15.63,15.68,15.41,15.63,1449785
2023-12-06,15.57,15.79,15.46,15.68,1466889
2023-12-07,15.68,15.76,14.75,15.08,3645967
2023-12-08,15.08,15.11,14.7,14.81,1553271
2023-12-11,14.81,15.08,14.51,14.92,1221381
2023-12-12,14.92,15.05,14.83,14.97,594485
2023-12-13,15.08,15.13,14.62,14.67,1297733
2023-12-14,14.75,14.92,14.59,14.67,889887
2023-12-15,14.75,15.02,14.64,14.75,1026290
2023-12-18,14.97,14.97,14.75,14.81,913549
2023-12-19,14.75,15.19,14.72,15.19,1289606
2023-12-20,15.22,15.33,15.08,15.22,1122272
2023-12-21,15.02,15.22,15.0,15.19,727429
2023-12-22,15.24,15.52,15.19,15.22,2191041
2023-12-25,15.24,15.46,15.05,15.27,1110798
2023-12-26,15.3,15.57,15.3,15.52,1567581
2023-12-27,15.63,15.82,15.38,15.38,1691847
2023-12-28,15.52,15.68,15.35,15.49,1188329
2023-12-29,15.65,15.65,15.46,15.46,674686
2024-01-02,15.71,15.71,15.08,15.13,1722609
2024-01-03,15.11,15.3,15.05,15.3,860087
2024-01-04,15.33,15.71,15.3,15.33,1831967
2024-01-05,15.33,15.41,15.19,15.33,864179
2024-01-08,15.46,15.79,15.38,15.76,2269589
2024-01-09,15.84,16.17,15.74,16.04,2507680
2024-01-10,15.95,16.09,15.46,15.68,1698918
2024-01-11,15.6,16.06,15.6,15.74,1724018
2024-01-12,15.57,15.93,15.41,15.52,2019253
2024-01-15,15.65,15.68,15.02,15.08,1585546
2024-01-16,15.02,15.49,15.02,15.49,1103865
2024-01-17,15.52,16.34,15.41,15.68,2101134
2024-01-18,15.74,16.09,15.57,15.63,1083649
2024-01-19,15.9,15.9,15.49,15.52,1163954
2024-01-22,15.57,15.74,15.35,15.68,1122685
2024-01-23,15.68,15.87,15.57,15.57,1080884
2024-01-24,15.63,16.12,15.63,15.68,1874259
2024-01-25,15.74,16.06,15.71,15.93,1534086
2024-01-26,16.06,16.06,15.84,15.87,889651
2024-01-29,16.06,16.06,15.71,15.71,1054311
2024-01-30,15.71,15.93,15.57,15.93,1213779
2024-01-31,16.09,16.64,15.98,16.17,3752864
2024-02-01,16.2,16.96,16.2,16.88,2755852
2024-02-02,17.07,17.29,16.72,17.07,2141779
2024-02-05,17.1,17.21,16.75,17.02,1727506
2024-02-06,17.18,17.32,16.83,17.02,1412510
2024-02-07,17.16,17.16,16.94,17.07,929141
2024-02-15,17.1,17.1,16.83,16.88,1702187
2024-02-16,16.88,17.18,16.83,16.94,1157340
2024-02-19,16.94,16.94,16.61,16.83,2001107
2024-02-20,17.07,17.46,16.94,17.02,2171089
2024-02-21,16.99,17.02,16.77,16.94,1165012
2024-02-22,16.91,16.94,16.8,16.83,1087833
2024-02-23,16.83,17.1,16.34,16.34,2504367
2024-02-26,16.34,17.21,16.25,17.05,2267149
2024-02-27,17.27,17.65,17.13,17.16,2135878
2024-02-28,17.21,17.48,17.07,17.24,1706536
2024-02-29,17.43,17.92,17.21,17.57,2942970
2024-03-01,17.76,18.58,17.76,18.17,3081525
2024-03-04,18.3,18.47,17.92,18.03,1894545
2024-03-05,18.03,19.29,17.65,19.29,4747562
2024-03-06,19.53,19.94,19.45,19.89,3359753
2024-03-07,19.94,20.71,19.7,19.78,3088696
2024-03-08,20.08,20.52,19.61,19.94,3269278
2024-03-11,19.89,20.49,19.56,20.22,2527353
2024-03-12,20.22,20.46,19.94,20.13,2165121
2024-03-13,20.22,21.31,20.02,21.25,2823301
2024-03-14,21.25,21.58,20.82,20.98,2075464
2024-03-15,20.98,21.14,20.32,20.76,1957591
2024-03-18,20.98,20.98,19.31,19.67,4207527
2024-03-19,19.83,20.27,19.67,19.89,902207
2024-03-20,19.72,20.41,19.72,20.41,1531756
2024-03-21,20.73,20.82,20.35,20.41,1780329
2024-03-22,20.54,21.17,20.38,20.79,2607964
2024-03-25,21.25,21.25,20.0,20.38,1927760
2024-03-26,20.27,20.71,20.08,20.57,906144
2024-03-27,20.65,20.79,20.35,20.52,1010061
2024-03-28,20.76,21.58,20.68,21.31,2728341
2024-03-29,21.31,21.31,20.98,21.03,916261
2024-04-01,20.98,21.14,20.49,21.03,1678490
2024-04-02,20.76,21.58,20.76,21.58,2274983
2024-04-03,21.69,22.24,21.14,21.44,2279094
2024-04-04,21.2,21.44,20.93,20.93,1715096
2024-04-05,20.46,20.68,19.67,19.67,2724700
2024-04-08,19.64,20.32,19.56,19.94,1850966
2024-04-09,20.11,20.76,20.0,20.76,1054028
2024-04-10,20.76,20.76,20.43,20.43,1119101
2024-04-11,19.89,20.98,19.89,20.87,1704849
2024-04-12,21.06,22.13,20.84,22.13,3943317
2024-04-15,22.13,22.95,20.6,20.6,4542921
2024-04-16,20.68,21.85,20.24,21.72,4744263
2024-04-17,22.18,22.18,20.46,20.46,2693759
2024-04-19,19.67,20.3,19.04,19.04,5836669
2024-04-22,19.59,20.22,19.18,19.78,2118238
2024-04-23,19.72,19.94,18.47,18.69,2395968
2024-04-24,19.07,19.75,19.01,19.67,1828287
2024-04-25,19.59,19.64,19.18,19.4,1399103
2024-04-26,19.04,19.81,19.04,19.4,1350876
2024-05-02,19.42,19.53,18.74,19.07,1686613
2024-05-03,19.4,19.53,18.9,19.07,1545935
2024-05-06,19.4,20.38,19.12,20.38,4375987
2024-05-07,20.54,20.76,20.24,20.73,1956275
2024-05-08,20.65,21.44,20.32,21.2,2768877
2024-05-09,21.53,21.53,20.82,20.93,2043295
2024-05-10,20.93,21.85,20.6,21.85,3452811
2024-05-13,22.07,22.4,21.53,21.77,2152107
2024-05-14,21.77,22.02,21.44,21.58,1927537
2024-05-15,21.96,23.08,21.58,23.08,4553536
2024-05-16,23.44,23.44,22.97,23.14,1536524
2024-05-17,23.11,23.88,23.0,23.49,1954654
2024-05-20,23.68,23.68,23.17,23.22,1927985
2024-05-21,23.33,23.96,23.06,23.96,2096128
2024-05-22,24.07,24.45,22.95,23.71,2174015
2024-05-23,23.68,23.93,23.11,23.93,1968275
2024-05-24,23.22,23.77,22.26,22.95,3995760
2024-05-27,22.95,23.28,22.67,23.11,1056307
2024-05-28,23.11,24.04,23.11,23.96,2177602
2024-05-29,23.93,23.99,23.25,23.41,1561289
2024-05-30,23.0,23.77,22.48,23.77,2147720
2024-05-31,23.66,23.77,23.22,23.22,1213306
2024-06-03,23.66,23.77,23.49,23.52,1266439
2024-06-04,23.55,24.2,23.55,23.99,2101973
2024-06-05,24.09,24.97,23.99,24.48,2559834
2024-06-06,24.48,24.59,23.99,24.23,1184629
2024-06-07,24.37,24.67,23.88,24.23,1142158
2024-06-10,24.12,24.8,24.04,24.48,1167095
2024-06-11,24.75,24.75,24.31,24.64,1314393
2024-06-12,24.7,25.38,24.64,25.0,1169084
2024-06-13,25.35,25.35,24.7,24.7,1004791
2024-06-14,24.83,25.05,23.38,23.38,2262881
2024-06-17,23.38,23.71,23.06,23.33,1920561
2024-06-18,23.47,23.6,23.33,23.49,881811
2024-06-19,23.55,24.01,23.28,23.55,1216727
2024-06-20,23.49,23.74,22.95,23.3,1242616
2024-06-21,23.17,23.55,23.17,23.33,836720
2024-06-24,23.06,23.3,21.72,21.72,5064735
2024-06-25,21.72,21.88,21.36,21.8,1134319
2024-06-26,21.8,21.88,20.63,21.66,1010671
2024-06-27,21.31,21.64,21.03,21.03,1140600
2024-06-28,20.9,21.85,20.87,21.06,1625188
2024-07-01,21.25,21.69,21.12,21.64,870044
2024-07-02,21.72,22.13,21.66,21.94,1184684
2024-07-03,21.85,21.96,21.58,21.66,754964
2024-07-04,21.85,22.1,21.58,21.61,941475
2024-07-05,21.75,21.75,21.2,21.47,1127045
2024-07-08,21.55,21.88,21.44,21.72,1364604
2024-07-09,21.88,22.95,21.77,22.95,3061203
2024-07-10,22.95,23.0,22.48,22.62,1374695
2024-07-11,22.78,23.38,22.65,23.03,2121872
2024-07-12,22.89,23.14,22.67,22.78,1202256
2024-07-15,22.89,23.14,22.67,22.97,1108772
2024-07-16,23.11,23.55,22.95,23.0,1610871
2024-07-17,23.06,23.22,21.47,22.46,2381292
2024-07-18,22.4,22.62,21.75,22.56,1701819
2024-07-19,22.21,22.73,21.75,21.8,1730920
2024-07-22,21.31,21.53,20.3,20.3,3830558
2024-07-23,20.16,20.19,18.96,18.96,2198797
2024-07-24,18.63,19.51,18.47,19.34,1803868
2024-07-25,19.4,19.78,18.93,19.51,988189
2024-07-26,19.51,19.7,19.18,19.2,1257932
2024-07-29,19.29,19.86,19.29,19.61,989639
2024-07-30,19.53,19.61,19.07,19.23,851804
2024-07-31,19.31,19.56,19.01,19.04,962248
2024-08-01,19.12,19.23,17.73,17.73,2955333
2024-08-02,17.59,18.96,17.13,18.96,2481008
2024-08-05,18.6,19.4,18.33,18.9,2968617
2024-08-06,19.23,20.11,18.63,19.97,2495961
2024-08-07,20.05,20.05,19.18,19.67,1962818
2024-08-08,19.67,19.75,18.66,19.1,2143894
2024-08-09,19.34,20.16,19.18,19.72,2934265
2024-08-12,19.78,20.05,19.67,20.05,1520633
2024-08-13,20.16,20.16,19.45,19.86,1614754
2024-08-14,20.02,20.27,19.75,19.75,1762116
2024-08-15,19.67,20.02,19.4,19.4,1409690
2024-08-16,19.67,20.73,19.48,20.73,3212732
2024-08-19,21.03,21.2,20.82,20.87,1682804
2024-08-20,20.87,22.05,20.6,21.34,2816971
2024-08-21,21.36,21.47,21.03,21.36,1708879
2024-08-22,21.42,21.75,21.23,21.34,1292256
2024-08-23,21.34,21.85,21.23,21.61,1852606
2024-08-26,22.02,22.02,21.36,21.39,1564093
2024-08-27,21.42,21.58,21.25,21.42,1372497
2024-08-28,21.58,21.58,20.79,21.23,1702666
2024-08-29,21.25,21.42,21.09,21.17,625371
2024-08-30,21.17,21.55,21.14,21.31,937653
2024-09-04,20.98,21.44,20.84,21.42,1082862
2024-09-05,21.53,21.94,21.28,21.42,1957338
2024-09-06,21.31,21.58,21.03,21.47,925763
2024-09-09,21.36,21.47,20.87,21.17,817069
2024-09-10,21.28,21.31,20.65,20.71,1854375
2024-09-11,20.57,21.2,20.41,20.87,1320439
2024-09-12,21.03,21.2,20.79,20.79,534840
2024-09-13,20.82,21.31,20.82,20.98,1091660
2024-09-16,20.87,21.2,20.76,20.79,1006474
2024-09-17,20.76,21.55,20.73,21.55,1638031
2024-09-18,21.61,22.18,21.53,21.75,2253640
2024-09-19,21.83,21.91,21.61,21.69,1216776
2024-09-20,22.1,22.1,21.58,21.58,1206533
2024-09-23,21.58,21.91,21.44,21.72,1227803
2024-09-24,21.85,22.07,21.69,22.05,1342789
2024-09-25,22.21,22.7,22.13,22.16,2558661
2024-09-26,22.24,22.24,21.85,21.91,2036168
2024-09-27,21.94,22.07,21.85,22.02,1348207
2024-09-30,21.99,22.48,21.83,22.24,1273342
2024-10-01,22.4,22.95,22.26,22.29,2505020
2024-10-02,22.24,22.4,22.13,22.24,1492297
2024-10-03,22.4,22.43,21.77,21.88,1975560
2024-10-04,21.88,22.1,21.8,21.8,901476
2024-10-07,21.94,22.18,21.75,22.18,853927
2024-10-08,22.37,22.4,21.75,21.77,1536370
2024-10-09,21.83,22.13,21.75,21.96,814271
2024-10-10,22.18,22.18,21.83,21.85,802164
2024-10-11,21.85,22.02,21.8,22.02,554009
2024-10-14,22.1,22.4,22.02,22.18,1521330
2024-10-15,22.32,22.32,21.91,21.94,1012235
2024-10-16,21.94,21.94,21.58,21.75,908680
2024-10-17,21.75,21.96,21.25,21.85,1506012
2024-10-18,21.88,22.02,21.75,21.75,900639
2024-10-21,21.61,21.72,20.98,20.98,1182864
2024-10-22,20.98,20.98,20.11,20.46,2155222
2024-10-23,20.41,20.82,20.3,20.73,838462
2024-10-24,20.65,20.76,20.13,20.13,1262111
2024-10-25,20.22,20.27,20.11,20.13,941808
2024-10-28,20.27,20.54,20.27,20.43,493220
2024-10-29,20.54,20.68,20.32,20.46,576876
2024-10-30,20.43,20.49,20.22,20.32,552885
2024-10-31,20.32,20.54,20.32,20.54,465231
2024-11-01,20.49,20.54,20.19,20.32,642664
2024-11-04,20.32,20.79,19.94,20.54,1063605
2024-11-05,20.6,20.65,20.38,20.41,311329
2024-11-06,20.54,20.84,20.49,20.84,1001823
2024-11-07,21.03,21.03,20.68,20.68,580703
2024-11-08,20.76,20.98,20.54,20.63,735418
2024-11-11,20.32,20.6,20.27,20.32,1014400
2024-11-12,20.49,20.65,20.32,20.32,692363
2024-11-13,20.32,20.41,19.97,20.11,911966
2024-11-14,20.11,20.19,18.74,19.51,1115857
2024-11-15,19.18,19.37,18.6,18.6,1720236
2024-11-18,18.6,19.51,18.58,19.34,1014438
2024-11-19,19.4,19.4,18.82,18.82,637567
2024-11-20,18.6,19.67,18.6,19.1,1183105
2024-11-21,19.29,19.29,18.93,19.2,346422
2024-11-22,19.23,19.29,18.9,19.01,583366
2024-11-25,19.1,19.2,18.82,19.04,503100
2024-11-26,19.1,19.53,19.1,19.29,866231
2024-11-27,19.34,19.34,19.15,19.23,311965
2024-11-28,19.53,19.53,19.15,19.26,518952
2024-11-29,19.04,19.4,19.04,19.18,469218
2024-12-02,19.23,19.42,19.15,19.2,419272
2024-12-03,19.37,19.37,19.01,19.01,482514
2024-12-04,18.99,18.99,18.52,18.58,1247711
2024-12-05,18.58,19.86,18.14,19.86,2312532
2024-12-06,20.0,20.08,19.64,19.78,977107
2024-12-09,19.83,20.05,19.72,19.83,723463
2024-12-10,19.72,19.89,19.64,19.7,726637
2024-12-11,19.83,19.97,19.7,19.86,904603
2024-12-12,19.94,20.0,19.7,19.72,581056
2024-12-13,19.72,19.78,19.59,19.67,515899
2024-12-16,19.67,19.78,19.59,19.75,313913
2024-12-17,19.81,19.86,19.67,19.67,347161
2024-12-18,19.61,19.78,19.56,19.7,442593
2024-12-19,19.42,19.56,19.37,19.42,727650
2024-12-20,19.51,19.51,19.34,19.34,346358
2024-12-23,19.29,19.48,19.29,19.34,245369
2024-12-24,19.42,19.42,19.15,19.23,428455
2024-12-25,19.4,19.91,19.29,19.59,826159
2024-12-26,19.59,19.67,19.53,19.56,193484
2024-12-27,19.59,19.64,19.42,19.51,378615
2024-12-30,19.53,19.75,19.48,19.48,465102
2024-12-31,19.48,19.53,19.31,19.4,201514
2025-01-02,19.45,19.48,19.23,19.31,259562
2025-01-03,19.4,19.4,18.85,18.85,709007
2025-01-06,18.66,18.88,17.76,18.3,542978
2025-01-07,18.36,18.58,17.98,18.06,636208
2025-01-08,18.03,18.39,18.03,18.25,461631
2025-01-09,18.25,18.39,18.11,18.11,235400
2025-01-10,18.08,18.28,17.78,17.78,528176
2025-01-13,17.78,18.3,17.59,18.22,716396
2025-01-14,18.22,18.22,18.03,18.03,149742
2025-01-15,18.3,18.33,18.08,18.25,318036
2025-01-16,18.39,19.04,18.36,18.52,638335
2025-01-17,18.52,18.58,18.36,18.44,241622
2025-01-20,18.6,18.6,18.3,18.3,219412
2025-01-21,18.36,18.55,18.22,18.28,306485
2025-01-22,18.3,18.3,18.06,18.06,361847
2025-01-23,18.11,18.69,18.11,18.41,432836
2025-01-24,18.28,18.44,18.28,18.36,353058
2025-02-03,18.3,18.39,18.14,18.25,285725
2025-02-04,18.28,18.79,18.19,18.74,660606
2025-02-05,18.96,18.96,18.71,18.82,435278
2025-02-06,18.96,19.23,18.82,18.93,633039
2025-02-07,18.85,18.93,18.77,18.82,349807
2025-02-10,18.66,19.07,18.55,18.77,692296
2025-02-11,18.85,18.96,18.63,18.77,368406
2025-02-12,18.63,19.01,18.63,18.85,517249
2025-02-13,18.85,18.88,18.69,18.77,383928
2025-02-14,18.99,19.29,18.85,18.88,980258
2025-02-17,19.04,19.48,18.85,19.31,1227756
2025-02-18,19.29,19.51,19.18,19.26,665664
2025-02-19,19.4,19.45,19.26,19.4,600107
2025-02-20,19.67,19.72,19.37,19.37,1034238
2025-02-21,19.37,19.42,19.18,19.2,545315
2025-02-24,19.18,20.11,19.18,20.08,1872779
2025-02-25,20.22,20.49,20.02,20.35,2525553
2025-02-26,20.46,21.25,20.3,20.82,2739327
2025-02-27,20.82,21.2,20.76,21.14,2053726
2025-02-28,21.25,21.47,20.98,21.03,2419463
2025-03-03,21.03,21.75,20.84,21.36,1944757
2025-03-04,21.42,21.75,20.65,21.31,1536472
2025-03-05,21.25,21.61,20.95,20.98,1237030
2025-03-06,21.25,21.75,21.01,21.64,2252537
2025-03-07,21.72,21.8,21.34,21.34,1056311
2025-03-10,21.58,21.8,21.2,21.42,1359230
2025-03-11,21.06,21.69,21.06,21.69,1773208
2025-03-12,21.72,21.8,21.5,21.69,1375723
2025-03-13,21.58,21.91,21.36,21.42,1685630
2025-03-14,21.42,21.55,21.12,21.28,987325
2025-03-17,21.28,21.64,21.06,21.5,1149907
2025-03-18,21.64,21.77,21.34,21.34,1051664
2025-03-19,21.25,21.77,21.25,21.64,1522041
2025-03-20,21.66,22.78,21.66,22.16,2811830
2025-03-21,22.24,22.35,21.96,22.13,639550
2025-03-24,22.07,22.13,21.55,22.13,1874959
2025-03-25,22.21,22.24,21.72,21.85,1277331
2025-03-26,21.69,21.83,21.25,21.39,1297691
2025-03-27,21.17,21.47,21.14,21.14,1094796
2025-03-28,21.12,21.61,21.03,21.31,1102825
2025-03-31,21.14,21.61,21.03,21.36,1341229
2025-04-01,21.53,21.58,21.2,21.5,698301
2025-04-02,21.5,21.77,21.44,21.55,1083647
2025-04-03,20.16,20.93,20.05,20.05,2506099
2025-04-04,18.66,19.42,18.66,19.23,3432180
2025-04-08,17.89,18.58,17.89,17.89,1521622
2025-04-09,16.66,17.57,16.66,16.66,3008305
2025-04-10,17.81,17.81,17.81,17.81,101954
2025-04-11,18.69,18.79,17.48,18.58,2886791
2025-04-14,18.58,19.07,18.25,18.77,1600000
2025-04-15,18.63,18.74,18.11,18.14,1335862
2025-04-16,18.19,18.3,17.65,17.65,1052928
2025-04-17,17.1,18.14,17.1,18.03,854515
2025-04-18,18.3,18.85,18.19,18.25,1669054
2025-04-21,18.36,18.47,17.48,17.65,1137190
2025-04-22,17.62,17.95,16.42,16.94,2692727
2025-04-23,17.57,17.57,17.13,17.4,797493
2025-04-24,17.54,18.0,17.43,17.65,995837
2025-04-25,17.76,17.76,17.4,17.43,1108815
2025-04-28,17.46,17.73,16.23,17.54,700284
2025-04-29,17.48,17.65,17.43,17.59,385757
2025-05-05,17.89,17.89,17.57,17.76,495100
2025-05-06,17.81,18.3,17.76,17.92,1407670
2025-05-07,17.92,17.92,17.59,17.7,655663
2025-05-08,18.08,18.22,17.7,18.11,1097682
2025-05-09,18.19,18.36,18.0,18.06,984074
2025-05-12,18.14,18.14,17.87,18.11,828138
2025-05-13,18.44,18.85,18.22,18.25,1399166
2025-05-14,18.17,18.58,18.17,18.49,1498601
2025-05-15,18.74,18.74,18.47,18.49,1065490
2025-05-16,18.93,19.31,18.88,19.01,2888382
2025-05-19,18.85,18.96,18.58,18.63,1291306
2025-05-20,18.74,19.01,18.58,18.82,902286
2025-05-21,18.85,18.93,18.47,18.66,1165094
2025-05-22,18.6,19.12,18.36,18.58,2491197
2025-05-23,18.58,18.82,18.47,18.47,1142798
2025-05-26,18.58,19.1,18.06,18.99,1688681
2025-05-27,19.12,19.29,18.9,19.23,1810340
2025-05-28,19.67,19.67,19.12,19.2,1756367
2025-05-29,19.4,19.53,19.12,19.18,1375682
2025-05-30,19.29,20.43,19.2,19.97,4342612
2025-06-02,20.22,20.93,20.05,20.87,2916937
2025-06-03,21.14,21.31,20.73,20.79,4514480
2025-06-04,20.87,20.87,20.41,20.49,3118100
2025-06-05,21.25,21.25,20.7,20.74,2900391
2025-06-06,20.86,20.86,20.0,20.12,2198260
2025-06-09,20.12,20.43,19.92,20.16,1007261
2025-06-10,20.31,20.47,20.08,20.12,792277
2025-06-11,20.12,20.43,20.0,20.08,832671
2025-06-12,20.08,20.39,20.08,20.27,1008193
2025-06-13,20.0,20.12,19.61,19.85,2301056
2025-06-16,19.85,20.7,19.85,20.7,1552186
2025-06-17,20.98,21.02,20.39,20.78,1428049
2025-06-18,20.78,21.1,20.55,20.67,1778651
2025-06-19,20.7,20.78,20.31,20.55,963602
2025-06-20,20.74,20.9,20.47,20.47,1281927
2025-06-23,20.31,20.31,20.04,20.24,846179
2025-06-24,20.67,21.25,20.43,20.9,3197172
2025-06-25,20.94,21.17,20.74,20.78,2255022
2025-06-26,20.82,20.86,20.51,20.86,810441
2025-06-27,21.02,21.13,20.74,20.82,1508435
2025-06-30,21.1,21.49,20.94,20.94,1742807
2025-07-01,21.1,21.13,20.59,20.63,1591878
2025-07-02,20.63,22.03,20.63,22.03,5260927
2025-07-03,22.03,22.54,21.1,21.88,3311609
2025-07-04,22.19,22.23,21.64,21.84,1848960
2025-07-07,22.11,22.19,21.6,21.8,2565057
2025-07-08,21.95,22.42,21.88,22.15,2716570
2025-07-09,22.58,23.67,22.42,23.2,4743961
2025-07-10,23.32,23.36,22.81,23.05,1647728
2025-07-11,23.09,23.83,22.74,23.13,3709169
2025-07-14,23.13,24.18,22.77,23.4,2752075
2025-07-15,23.28,24.18,23.2,23.2,4107276
2025-07-16,23.2,23.83,22.97,23.83,2560832
2025-07-17,23.99,24.18,23.44,24.1,3109754
2025-07-18,24.22,24.77,23.75,24.1,2781640
2025-07-21,25.78,25.78,24.73,25.12,4915684
2025-07-22,25.0,26.88,24.77,26.88,3836364
2025-07-23,28.09,28.75,27.97,28.75,6619340
2025-07-24,29.96,29.96,28.91,29.81,3638184
2025-07-25,29.3,31.88,29.3,31.8,7870946
2025-07-28,32.74,33.99,32.42,33.21,4290939
2025-07-29,33.87,33.87,30.9,30.9,8745383
2025-07-30,30.9,32.03,28.95,31.64,6534435
2025-07-31,31.72,32.19,30.59,31.88,3357607
2025-08-01,31.8,32.89,30.47,30.71,4673140
2025-08-04,30.08,31.8,29.69,31.76,3281782
2025-08-05,31.99,32.81,29.69,31.64,7411154
2025-08-06,31.96,32.27,31.29,32.03,2917331
2025-08-07,32.58,32.58,31.37,31.99,2773018
2025-08-08,32.15,32.85,30.98,31.17,4615345
2025-08-11,31.17,32.03,30.94,31.64,4050416
2025-08-12,31.96,32.78,31.49,32.78,5749054
2025-08-13,33.52,35.04,32.42,35.04,8324088
2025-08-14,35.55,36.6,34.38,34.96,3776503
2025-08-15,35.43,35.55,32.66,33.71,5902577
2025-08-18,33.75,33.75,32.62,32.74,4768179
2025-08-19,32.81,34.03,32.58,33.36,4657761
2025-08-20,33.48,33.52,31.06,32.42,3989358
2025-08-21,32.42,33.75,32.42,32.5,3536856
2025-08-22,31.92,32.42,30.28,30.59,4721593
2025-08-25,31.17,31.56,29.49,29.49,3598048
2025-08-26,29.34,31.53,29.18,31.53,3630531
2025-08-27,31.88,32.58,31.64,31.72,2793240
2025-08-28,31.72,32.42,31.56,32.35,2518709
2025-08-29,33.21,33.99,32.85,33.28,5358989
2025-09-03,33.6,33.75,32.62,32.97,2339971
2025-09-04,33.09,34.46,33.05,34.42,4037085
2025-09-05,35.55,35.55,32.19,32.19,5166783
2025-09-08,31.99,32.15,30.2,30.2,5463581
2025-09-09,30.31,30.82,29.85,30.82,2245824
2025-09-10,30.9,31.06,30.28,30.78,1219173
2025-09-11,30.71,31.25,29.38,31.17,2484106
2025-09-12,31.25,31.37,30.98,31.13,1389229
2025-09-15,31.25,31.84,31.25,31.41,1653753
2025-09-16,32.15,32.15,30.86,30.94,1759646
2025-09-17,30.94,31.1,30.24,30.24,1203478
2025-09-18,30.51,30.94,30.16,30.63,1021175
2025-09-19,30.78,31.06,30.59,30.74,535581
2025-09-22,30.71,30.78,29.49,29.85,1470106
2025-09-23,30.04,30.43,29.85,30.16,748728
2025-09-24,29.77,31.02,29.77,31.02,927539
2025-09-25,31.13,32.42,31.1,32.19,3451577
2025-09-26,32.31,32.31,31.33,31.53,1762940
2025-09-29,31.64,32.81,31.33,32.58,2920719
2025-09-30,32.62,32.7,31.49,32.42,2530445
2025-10-01,32.5,33.05,32.03,32.03,1539220
2025-10-02,32.42,32.42,30.55,30.86,1686916
2025-10-03,30.47,30.9,30.16,30.31,2214380
2025-10-06,31.17,32.42,30.39,32.42,2844817
2025-10-07,32.42,33.21,32.42,32.89,3535467
2025-10-08,33.99,34.03,32.42,32.66,3252378
2025-10-09,32.97,32.97,32.5,32.97,1492513
2025-10-10,33.05,33.83,33.01,33.24,2834411
2025-10-13,32.81,35.0,32.54,35.0,4713727
2025-10-14,35.94,35.94,33.95,34.14,4820378
2025-10-15,34.26,34.69,33.91,34.38,2648135
2025-10-16,34.92,35.63,34.42,34.77,2778922
2025-10-17,35.43,36.33,34.77,35.08,3810731
2025-10-20,34.77,36.49,32.66,32.66,5524278
2025-10-21,32.66,32.81,31.25,32.31,3771263
2025-10-22,32.5,32.54,30.47,31.96,3004723
2025-10-23,32.03,32.07,30.86,30.9,1774943
2025-10-24,30.74,30.74,29.73,30.08,2111416
2025-10-27,30.55,31.33,29.73,30.04,1579896
2025-10-28,30.08,31.25,29.77,31.25,1299226
2025-10-29,31.21,31.29,30.74,30.9,1160960
2025-10-30,31.21,31.21,30.24,30.39,1197942
2025-10-31,30.39,30.71,29.92,29.92,1073640
2025-11-03,29.92,30.04,27.85,27.85,3004156
2025-11-04,27.74,29.77,26.95,29.77,2670354
2025-11-05,29.85,29.88,29.14,29.22,925165
2025-11-06,29.22,29.34,28.52,28.63,752985
2025-11-07,28.63,28.91,27.35,27.42,1260573
2025-11-10,27.35,28.44,26.76,27.03,1086603
2025-11-11,27.27,27.62,26.95,27.46,829357
2025-11-12,27.74,28.13,27.46,27.89,1048602
2025-11-13,28.09,28.09,27.62,27.62,752993
2025-11-14,27.62,28.24,27.42,27.62,1060445
2025-11-17,27.74,28.24,27.62,28.2,965421
2025-11-18,28.44,29.06,28.36,28.52,1242452
2025-11-19,28.56,28.79,27.74,27.85,855503
2025-11-20,27.85,27.97,27.46,27.58,456207
2025-11-21,27.5,27.78,27.19,27.35,608951
2025-11-24,27.38,27.74,27.35,27.35,303797
2025-11-25,27.35,27.46,25.78,26.02,1085307
2025-11-26,26.02,27.46,26.02,27.27,760709
2025-11-27,27.35,27.35,26.8,26.88,613556
2025-11-28,26.92,27.11,26.56,26.6,515717
2025-12-01,26.6,26.92,26.21,26.21,592878
2025-12-02,26.21,26.84,25.78,26.8,905810
2025-12-03,27.11,27.81,26.8,27.54,1211205
2025-12-04,27.89,27.97,27.58,27.89,777442
2025-12-05,27.89,27.97,27.27,27.42,757322
2025-12-08,27.35,27.66,26.76,27.11,622975
2025-12-09,26.95,27.46,26.41,27.35,820349
2025-12-10,27.42,27.7,27.07,27.66,662815
2025-12-11,27.74,28.13,27.35,27.46,646023
2025-12-12,27.58,27.58,25.94,25.94,879679
2025-12-15,25.94,26.56,25.78,26.06,841739
2025-12-16,26.21,27.27,25.0,26.76,1167316
2025-12-17,26.76,26.76,26.17,26.17,488849
2025-12-18,26.21,26.37,25.94,26.1,459900
2025-12-19,26.53,26.53,25.98,26.33,547045
2025-12-22,26.6,27.35,26.56,27.35,1067058
2025-12-23,27.54,27.54,26.8,26.99,759683
2025-12-24,26.68,27.35,26.68,27.19,692569
2025-12-25,27.19,27.54,26.56,26.56,811689
2025-12-26,26.49,26.92,25.7,26.41,980783
2025-12-29,26.41,26.95,26.13,26.17,402538
2025-12-30,26.21,26.45,26.17,26.25,432854
2025-12-31,26.53,26.53,25.9,25.9,488455
2026-01-05,25.94,26.02,24.1,24.1,1612398
2026-01-06,24.38,24.65,23.63,24.26,956833
2026-01-07,24.26,25.67,24.26,24.92,652166
2026-01-08,25.24,25.7,24.92,25.08,1198642
2026-01-09,25.43,25.47,25.0,25.08,937222
2026-01-12,25.47,26.8,25.47,26.8,1912216
2026-01-13,27.85,27.89,26.72,26.95,1646683
2026-01-14,27.03,27.11,26.33,26.53,1972210
2026-01-15,26.53,26.88,26.29,26.29,1413439
2026-01-16,26.33,27.31,26.02,26.41,1411540
2026-01-19,26.49,27.11,26.49,26.53,844673
2026-01-20,26.72,26.99,26.45,26.45,1602398
2026-01-21,26.37,26.37,25.0,25.47,1932213
2026-01-22,25.86,26.1,25.39,25.78,1114441
2026-01-23,25.86,26.33,25.63,25.67,729084
2026-01-26,25.67,25.9,24.77,24.77,1000593
2026-01-27,24.77,25.0,24.45,24.57,738707
2026-01-28,24.92,24.92,24.02,24.14,1178466
2026-01-29,24.22,24.61,24.22,24.38,416519
2026-01-30,24.42,24.81,24.3,24.42,550114
2026-02-02,24.45,24.61,24.06,24.22,664514
2026-02-03,24.22,24.85,24.22,24.61,913028
2026-02-04,25.0,25.43,24.85,24.92,873927
2026-02-05,24.92,25.0,24.3,24.3,556111
2026-02-06,24.22,24.26,23.44,23.44,913830
2026-02-09,23.63,23.67,23.4,23.44,359706
2026-02-10,23.44,23.99,23.2,23.28,532382
2026-02-11,23.28,23.95,23.05,23.71,663908
2026-02-12,23.79,24.34,23.79,23.83,301808
2026-02-13,23.83,24.22,23.75,24.06,434533
2026-02-23,24.69,24.69,24.14,24.49,456900
2026-02-24,24.61,25.31,24.49,24.85,967597
2026-02-25,25.0,25.16,24.69,24.81,548175
2026-02-26,25.0,25.08,24.61,24.85,441425
2026-02-27,25.0,25.31,24.65,24.81,673767
2026-03-02,23.36,24.61,23.36,24.02,1204196
2026-03-03,24.02,24.96,23.83,23.91,1102221
2026-03-04,23.95,24.53,22.81,24.38,1450937
2026-03-05,25.0,25.98,24.61,25.04,2219609
2026-03-06,25.04,25.04,23.75,23.83,977649
2026-03-09,22.19,22.38,22.19,22.19,585709
2026-03-10,22.27,22.66,21.02,21.72,2140635
2026-03-11,21.72,22.54,21.64,22.19,1111291
2026-03-12,21.72,22.35,21.64,21.64,586637
2026-03-13,20.94,21.68,20.94,21.06,1043000
2026-03-16,21.17,21.6,21.1,21.21,503262
2026-03-17,21.45,22.15,21.29,21.33,606443
2026-03-18,21.33,21.56,20.9,21.02,749202
2026-03-19,20.7,20.7,20.31,20.55,781544
2026-03-20,20.35,20.78,20.35,20.51,893061
2026-03-23,20.35,20.35,19.1,19.1,1153522
2026-03-24,19.69,20.04,19.38,19.61,647257
2026-03-25,19.92,20.55,19.88,20.35,656075
2026-03-26,20.35,20.51,20.2,20.35,428873
2026-03-27,20.31,20.98,20.31,20.98,726355
2026-03-30,20.7,20.86,20.31,20.7,679494
2026-03-31,20.9,22.03,20.86,21.37,1195385
2026-04-01,22.15,22.27,21.72,21.95,1525075
2026-04-02,21.6,22.19,21.56,21.8,1003737
2026-04-03,21.8,21.88,21.17,21.25,735565
2026-04-06,21.21,21.56,20.9,20.9,594570
2026-04-07,21.06,21.45,20.94,21.45,658035
2026-04-08,22.31,22.85,21.95,22.7,1556119
2026-04-09,22.42,22.5,22.03,22.03,790930
2026-04-10,22.23,22.31,21.6,21.6,994391
2026-04-13,21.49,22.07,21.33,21.92,790680
2026-04-14,22.27,22.27,21.84,21.92,455830
2026-04-15,22.03,22.27,21.72,21.72,768524
2026-04-16,21.72,21.92,21.17,21.37,662984
2026-04-17,21.41,21.6,21.25,21.25,543558
2026-04-20,21.37,21.6,21.17,21.49,423779
2026-04-21,21.52,21.68,21.02,21.02,726694
2026-04-22,20.86,21.1,20.7,20.78,483186
2026-04-23,20.47,20.94,20.47,20.86,628605
2026-04-24,20.74,20.94,20.51,20.63,334620
2026-04-28,20.67,20.78,20.24,20.24,394721
2026-04-29,20.12,20.55,20.12,20.39,371246
2026-05-04,20.67,20.98,20.59,20.59,382330
2026-05-05,20.51,20.63,20.39,20.51,265061
2026-05-06,20.59,21.37,20.51,21.17,1001022
2026-05-07,21.41,21.45,20.98,21.06,331533
2026-05-08,21.06,21.25,20.9,20.98,495935
2026-05-11,20.9,21.84,20.86,21.33,1115532
2026-05-12,21.33,21.49,21.13,21.37,409587
2026-05-13,21.41,21.88,21.37,21.68,1025017
2026-05-14,21.64,22.31,21.64,21.95,998042
2026-05-15,22.07,22.23,21.72,21.92,931935
2026-05-18,21.8,22.42,21.8,22.35,1163004
2026-05-19,22.5,22.66,21.49,21.88,1049213
2026-05-20,21.95,21.99,20.39,21.33,1557745
2026-05-21,21.41,21.76,21.1,21.33,353055
2026-05-22,21.33,22.11,20.86,21.99,1226185
2026-05-25,22.27,22.27,21.68,21.76,446630
2026-05-26,21.88,22.35,21.84,22.27,1188720
2026-05-27,22.38,22.5,22.11,22.19,686480
2026-05-28,22.23,22.5,21.56,21.56,778116
2026-05-29,21.52,21.72,21.33,21.33,613913
2026-06-01,21.37,22.07,21.33,21.72,516391
2026-06-02,21.88,21.88,21.1,21.1,535046
2026-06-03,20.78,21.64,20.78,21.33,468078
2026-06-04,21.49,21.8,21.45,21.56,483119
2026-06-05,21.6,21.8,21.41,21.49,460996
2026-06-08,21.25,21.37,20.74,20.9,804567
2026-06-09,20.94,21.13,20.86,20.9,244278
2026-06-10,20.82,21.33,20.82,21.29,606480
2026-06-11,21.25,21.64,21.25,21.33,1257840
2026-06-12,22.0,22.0,21.4,21.45,607953
2026-06-15,21.8,22.95,21.75,22.95,1724975
2026-06-16,23.5,24.55,23.15,24.55,3648159
2026-06-17,24.65,25.9,24.55,25.5,3987166
2026-06-18,25.4,25.7,24.85,25.0,1824985
2026-06-19,24.8,26.75,24.8,25.9,3063860
2026-06-22,26.5,26.5,25.1,25.9,2006943
2026-06-23,26.0,27.2,25.3,25.5,3611550
2026-06-24,25.4,26.1,25.3,25.85,2200113
2026-06-25,26.0,26.25,25.4,25.4,1520600
2026-06-26,25.1,25.6,24.65,24.9,2202700
2026-06-29,24.9,25.6,24.8,25.15,1084200
2026-06-30,25.2,26.9,25.2,26.15,4090600
2026-07-01,26.2,26.9,26.0,26.8,1739800
2026-07-02,27.15,28.5,26.85,28.4,4398000
2026-07-03,28.7,29.05,28.1,28.2,2968200
2026-07-06,28.1,28.1,26.25,27.05,4454100
2026-07-07,27.0,28.9,26.95,28.9,3171300
2026-07-08,29.05,29.4,28.05,28.15,2379900
2026-07-09,27.75,29.35,27.3,28.6,3112500
2026-07-10,28.5,29.0,27.6,27.9,1879400
2026-07-13,27.4,27.95,26.0,26.9,3506200
2026-07-14,27.0,27.15,26.05,27.15,1881000
2026-07-15,27.35,27.9,26.95,27.3,2405600
2026-07-16,27.0,27.5,25.5,27.2,3080400
2026-07-17,27.2,27.95,26.1,26.1,2461600
2026-07-20,24.4,25.1,24.3,24.3,4175800
2026-07-21,23.5,24.2,22.6,22.6,3947300
2026-07-22,22.8,23.7,22.1,22.9,2745100
2026-07-23,22.9,23.85,21.5,22.75,2920100
2026-07-24,22.65,22.8,21.5,21.5,1625200
2026-07-27,21.6,21.7,20.0,20.0,3195900
2026-07-28,19.6,21.0,19.5,20.45,1974900
2026-07-29,20.3,20.6,20.05,20.2,1110100
2026-07-30,20.3,21.6,20.25,21.6,2982500
2026-07-31,21.6,22.4,21.35,21.85,2331800
2026-08-03,22.35,22.55,22.15,22.3,1848400
2026-08-04,22.25,22.4,21.8,22.25,1959000
2026-08-05,22.5,23.0,22.25,22.25,1990100
2026-08-06,22.3,22.45,21.85,21.85,1191600
2026-08-07,21.7,22.25,21.65,21.75,1384100
2026-08-10,21.9,22.9,21.9,22.6,1833700
2026-08-11,22.65,23.85,22.5,23.05,3396900
2026-08-12,23.1,23.2,22.8,22.8,1086900
2026-08-13,23.1,23.6,22.7,22.7,2719500
2026-08-14,22.65,22.9,22.25,22.4,1831400
2026-08-17,22.4,22.65,21.8,22.1,1025200
2026-08-18,22.25,22.45,21.8,21.95,1165500
2026-08-19,21.95,22.0,21.65,21.7,835400
2026-08-20,21.9,22.1,21.7,21.8,444300
2026-08-21,21.8,23.3,21.8,23.3,2702600
2026-08-24,23.7,23.95,23.1,23.1,2288400
2026-08-25,23.2,23.45,22.8,22.9,1711300
2026-08-26,23.0,23.35,22.75,23.3,1208700
2026-08-27,23.45,23.45,22.8,22.95,1296900
2026-08-28,23.0,24.0,22.85,23.3,2724200
2026-09-03,23.1,23.95,22.85,23.4,2235000
2026-09-04,23.2,23.85,23.2,23.5,273800
